Sr.NO,Name ,Inwards Qty,Outwards Qty,Net Movement,Stock Turnover Rate
1,BLUECOAT - WP1 - 1 KG,0.0,9.0,-9.0,9000000000.0
2,Bluefix Epoxy Adhesive Tez (180gm),0.0,1.0,-1.0,999999999.9999999
3,BONDTITE-FAST & CLEAR-13GM,0.0,1.0,-1.0,999999999.9999999
4,ASTRON-ALDROP-3MM-SS,20.0,14.0,6.0,0.699999999965
5,SHANTI-ALDROP-20-20-3MM-14X10-SS,0.0,12.0,-12.0,12000000000.0
6,"SUZON-ALDROP-FANCY-10""-SS",0.0,2.0,-2.0,1999999999.9999998
7,BED FITTING,26.0,25.0,1.0,0.9615384615014793
8,EBCO-BED FITTING-2.5FT,0.0,2.0,-2.0,1999999999.9999998
9,PLBF-EF-E (AT) BED LIFT FITTING EASY CP 5 FT.,8.0,7.0,1.0,0.874999999890625
10,BUFFER,0.0,90.0,-90.0,90000000000.0
11,"BUFFER-PVC-1""",0.0,8.0,-8.0,7999999999.999999
12,"BUFFER-PVC-3/4""",0.0,4.0,-4.0,3999999999.9999995
13,"DEVANSH-BUFFER-PVC-12MM-(1/2"")-WHITE",0.0,78.0,-78.0,78000000000.0
14,CABLE MANAGER,0.0,9.0,-9.0,9000000000.0
15,CHAIN,0.0,70.0,-70.0,70000000000.0
16,ASSURE-DOOR CHAIN-SEQURITY CHAIN,0.0,1.0,-1.0,999999999.9999999
17,"SHANTI-TABLE CHAIN-HY 6""",0.0,24.0,-24.0,24000000000.0
18,"SHANTI-T.CHAIN-10""-SS",0.0,-1.0,1.0,-999999999.9999999
19,"SHANTI-T.CHAIN-8""-SS",0.0,46.0,-46.0,46000000000.0
20,DOOR CLOSER,4.0,2.0,2.0,0.499999999875
21,DOOR EYE VIEWER,0.0,1.0,-1.0,999999999.9999999
22,"DOOR EYE VIEWER-2""HEXAGON",0.0,1.0,-1.0,999999999.9999999
23,DOOR KIT,10.0,0.0,10.0,0.0
24,SHANTI-DOOR KIT-3MM-LEHAR,0.0,1.0,-1.0,999999999.9999999
25,SHANTI-SPL-DOOR KIT-20-20-3MM,0.0,2.0,-2.0,1999999999.9999998
26,DOOR STOPER,0.0,4.0,-4.0,3999999999.9999995
27,"FLORA - DOOR STOPPER - FLA - 5""",0.0,1.0,-1.0,999999999.9999999
28,"FLORA - PRINCE DOOR STOPPER - FLA - 6""",0.0,3.0,-3.0,3000000000.0
29,FASNER,10.0,4.94,5.06,0.4939999999506
30,FASNER-12MM-PLY JOINT PIN,10.0,4.69,5.31,0.46899999995310004
31,FASNER -19 MM - PLY JOINT PIN,0.0,0.25,-0.25,249999999.99999997
32,GAS PUMP,23.0,41.0,-18.0,1.7826086955746692
33,"ALICO-GAS PUMP-35KG-12""",0.0,-1.0,1.0,-999999999.9999999
34,EBCO GAS PUMP HEAVY DUTY 25 KG,0.0,4.0,-4.0,3999999999.9999995
35,EBCO-GAS PUMP PLBF-120KG,0.0,3.0,-3.0,3000000000.0
36,EBCO-GAS PUMP-PLBF-150KG,13.0,15.0,-2.0,1.1538461537573965
37,EBCO-GAS PUMP-PLBF-200KG,0.0,2.0,-2.0,1999999999.9999998
38,"EBCO-GAS PUMP-PLC-10-10KG-9""",0.0,7.0,-7.0,7000000000.0
39,EBCO-GAS PUMP-PLC-15-15KG,0.0,2.0,-2.0,1999999999.9999998
40,"EBCO-GAS PUMP-PLC-20-20KG-9""",5.0,4.0,1.0,0.79999999984
41,GRILL,0.0,1.0,-1.0,999999999.9999999
42,HANDLE,61.0,219.0,-158.0,3.5901639343673746
43,HANGER,1.0,18.0,-17.0,17.999999982
44,Auto Hinges Heavy Soft Close Full,50.0,25.0,25.0,0.49999999999000005
45,CHERRY-AUTO HINGES-HALF OVERLAY-REGULAR,0.0,27.0,-27.0,27000000000.0
46,DENIM-BUTT HINGES-4X3/4X1-SS-BRASS,20.0,24.0,-4.0,1.19999999994
47,DENIM/ECO-BUTT HINGES-3X1/2X3/4-SS-BRASS,36.0,9.0,27.0,0.24999999999305558
48,DENIM/ECO-BUTT HINGES-3X3/4X3/4-SS-BRASS,0.0,6.0,-6.0,6000000000.0
49,DENIM/ECO-BUTT HINGES-4X1/2X3/4-SS-BRASS,36.0,30.0,6.0,0.8333333333101852
50,DENIM/ECO-BUTT HINGES-4X1X1-SS-BRASS,0.0,-3.0,3.0,-3000000000.0
51,DENIM/ECO-BUTT HINGES-4X3/4X3/4-SS-BRASS,18.0,58.0,-40.0,3.22222222204321
52,DENIM/ECO-BUTT HINGES-4X3/8X5/8-SS-BRASS,0.0,10.0,-10.0,10000000000.0
53,DENIM/ECO-L-HINGES-3X1/2X12MM-SS-BRASS,0.0,10.0,-10.0,10000000000.0
54,DENIM/ECO-L-HINGES-3X1/2X19MM-SS-BRASS,0.0,31.0,-31.0,30999999999.999996
55,DENIM/ECO-L-HINGES-3X1/2X6MM-SS-BRASS,8.0,14.0,-6.0,1.74999999978125
56,DENIM/ECO-L-HINGES-3X3/4X12MM-SS-BRASS,0.0,10.0,-10.0,10000000000.0
57,DENIM/ECO-L-HINGES-3X3/4X19MM-SS-BRASS,24.0,18.0,6.0,0.74999999996875
58,DENIM/ECO-L-HINGES-3X3/8X12MM-SS-BRASS,18.0,0.0,18.0,0.0
59,DENIM/ECO-L-HINGES-3X3/8X19MM-SS-BRASS,36.0,0.0,36.0,0.0
60,DENIM/ECO-L-HINGES-3X3/8X6MM-SS-BRASS,24.0,0.0,24.0,0.0
61,DENIM/ECO-L-HINGES-4X1/2X12MM-SS-BRASS,84.0,153.0,-69.0,1.8214285714068876
62,DENIM/ECO-L-HINGES-4X1/2X19MM-SS-BRASS,108.0,112.0,-4.0,1.0370370370274349
63,DENIM/ECO-L-HINGES-4X3/4X12MM-SS-BRASS,60.0,66.0,-6.0,1.0999999999816668
64,DENIM/ECO-L-HINGES-4X3/4X19MM-SS-BRASS,115.0,66.0,49.0,0.5739130434732703
65,DENIM/ECO-L-HINGES-4X3/4X6MM-SS-BRASS,0.0,13.0,-13.0,13000000000.0
66,DENIM/ECO-L-HINGES-4X3/8X19MM-SS-BRASS,0.0,3.0,-3.0,3000000000.0
67,DENIM/ECO-Z-HINGES-3X1/2-SS-BRASS,0.0,2.0,-2.0,1999999999.9999998
68,DENIM/ECO-Z-HINGES-4X3/4-SS-BRASS,0.0,2.0,-2.0,1999999999.9999998
69,DENIM-L-HINGES-3X1/2X12MM-STEEL,0.0,16.0,-16.0,15999999999.999998
70,DENIM-L-HINGES-3X1/2X19MM-STEEL,0.0,14.0,-14.0,14000000000.0
71,DENIM-L-HINGES-3X1/2X6MM-STEEL,0.0,4.0,-4.0,3999999999.9999995
72,DENIM-OVERLAY DUG HINGES-3X19X25 HALF,0.0,2.0,-2.0,1999999999.9999998
73,DENIM-OVERLAY DUG HINGES-4X19X25 HALF,0.0,6.0,-6.0,6000000000.0
74,DENIM-OVERLAY DUG HINGES-4X25X25 FULL,0.0,3.0,-3.0,3000000000.0
75,ECO-W-HINGES-SQ.-1.1/2X1/2X12MM-SS-BRASS,0.0,6.0,-6.0,6000000000.0
76,ECO-W-HINGES-SQ.-2X1/2X12MM-SS-BRASS,0.0,3.0,-3.0,3000000000.0
77,FASCO GOLD-CONCILD HINGES-4X10-CP-STEEL,0.0,29.0,-29.0,29000000000.0
78,GODREJ SOFT CLOSE AUTO  HINGES OVERLAY - HALF,90.0,61.0,29.0,0.6777777777702468
79,GREEN-BUTT HINGES-4X3/4X1-SS-BRASS,0.0,1.0,-1.0,999999999.9999999
80,GUL.-L-HINGES-4X3/8X12MM-SS-BRASS-PR.,0.0,6.0,-6.0,6000000000.0
81,GUL.-L-HINGES-4X3/8X6MM-SS-BRASS-PR.,0.0,7.0,-7.0,7000000000.0
82,GUL.-RLY.SMU.HINGES-4X1.1/4X3/16-SS-BRASS,0.0,2.0,-2.0,1999999999.9999998
83,KADAM-BUTT HINGES-3X1/2X3/4-STEEL,0.0,7.0,-7.0,7000000000.0
84,KADAM-BUTT HINGES-4X1/2X3/4-STEEL-CP,0.0,8.0,-8.0,7999999999.999999
85,KADAM DOOR HINGES 5X12 STEEL,8.0,16.0,-8.0,1.99999999975
86,KEN SS HINGES  4 X12,152.0,139.0,13.0,0.9144736842045101
87,KEN SS HINGES 5X12,20.0,0.0,20.0,0.0
88,KUBERGOLD-W-HINGES-4X38X19-BRASS,0.0,-4.0,4.0,-3999999999.9999995
89,KUBER-W-HINGES-4X3/8X12MM BRASS,0.0,-1.0,1.0,-999999999.9999999
90,MAQUEEN-L-HINGES-4X3/8X12MM-SS-BRASS-PR.,0.0,2.0,-2.0,1999999999.9999998
91,Maruti Duck Hinges 4x25x25 Full,2.0,0.0,2.0,0.0
92,MARUTI DUG HINGES 4X19X19 HALF OVERLAY,90.0,42.0,48.0,0.4666666666614815
93,MARUTI DUG HINGES - 4X19X25 FULL,30.0,34.0,-4.0,1.1333333332955555
94,MARUTI DUG HINGES 4X19X25 HALF OVERLAY,22.0,17.0,5.0,0.7727272726921488
95,MARUTI - DUG HINGES - 4X25X19-FULL OVERLAY,132.0,175.0,-43.0,1.3257575757475322
96,MARUTI DUG HINGES - 4X25X19 HALF OVER,66.0,68.0,-2.0,1.0303030302874197
97,MARUTI-L+W-PR.-HINGES-4x1/2x12MM-SS-BRASS,0.0,40.0,-40.0,40000000000.0
98,MARUTI-L+W-PR.-HINGES-4x1/2x19MM-SS-BRASS,12.0,25.0,-13.0,2.083333333159722
99,MARUTI-L+W-PR.-HINGES-4x1/2x6MM-SS-BRASS,48.0,28.0,20.0,0.5833333333211806
100,MARUTI-L+W-PR.-HINGES-4x3/4x12MM-SS-BRASS,24.0,24.0,0.0,0.9999999999583333
101,MARUTI-L+W-PR.-HINGES-4x3/4x19MM-SS-BRASS,36.0,24.0,12.0,0.6666666666481482
102,MARUTI-L+W-PR.-HINGES-4x3/4x6MM-SS-BRASS,48.0,42.0,6.0,0.8749999999817709
103,Maruti Overlay Dug Hinges 3x19x19 Full,12.0,38.0,-26.0,3.1666666664027776
104,MARUTI OVERLAY DUG HINGES 3X19X19 HALF OVERLAY BR,12.0,20.0,-8.0,1.6666666665277778
105,Maruti Overlay Dug Hinges 4x19x19 Full,276.0,160.0,116.0,0.5797101449254358
106,MARUTI-PR. RAILWAY HINGES-5X1.1/2X3/16-SS-BRASS,24.0,16.0,8.0,0.6666666666388888
107,MARUTI-PR.RAILWAY HINGES-5X1.1/4X5/32-SS-BRASS,159.0,184.0,-25.0,1.1572327043952375
108,MARUTI-PR.RLY.HINGES-5X1.1/2X5/32-BRASS,25.0,41.0,-16.0,1.6399999999344
109,MILL.-CONCILD DOOR HINGES-5X1.1/2X3/16-STEEL,0.0,2.0,-2.0,1999999999.9999998
110,MILL.-CONCILD-DOOR HINGES-PIN-5X3X3-STEEL,0.0,2.0,-2.0,1999999999.9999998
111,MILL.-L-HINGES-3X3/4X19MM (75X19X19)-STEEL,0.0,2.0,-2.0,1999999999.9999998
112,MILL.-L-HINGES-3X3/4X6MM (75X19X19)-STEEL,0.0,7.0,-7.0,7000000000.0
113,SHANTI-CUFY-AUTO HINGES-SOFT CLOSE-FULL OVERLAY,0.0,5.0,-5.0,5000000000.0
114,SKS PRIME HINGES 5X10X1/1.4,86.0,129.0,-43.0,1.4999999999825582
115,SPAN DOOR CONC. HINGES SS PR. 4X12,0.0,8.0,-8.0,7999999999.999999
116,STAR-BUTT HINGES-3X3/4X3/4-SS-BRASS,0.0,1.0,-1.0,999999999.9999999
117,STAR-BUTT HINGES-4X3/8X5/8-SS-BRASS,0.0,2.0,-2.0,1999999999.9999998
118,STAR-PR.RLY.HINGES-6X1.1/4X3/16-SS-BRASS,0.0,1.0,-1.0,999999999.9999999
119,SUNSHINE AUTO HINGES FULL,65.0,74.0,-9.0,1.1384615384440235
120,SUNSHINE AUTO HINGES HALF OVERLAY,0.0,23.0,-23.0,23000000000.0
121,KNOB,0.0,3.0,-3.0,3000000000.0
122,KNOB-KN 1010 CHEX,0.0,3.0,-3.0,3000000000.0
123,L-BUTTON/SHELF BUTTON,1746.0,1471.0,275.0,0.8424971363110868
124,ROTOMAX - SHELF BUTTON - SS - D. SCREW,1446.0,1463.0,-17.0,1.0117565698471565
125,SHANTI-L-BAT-S.SCREW-HEAVY-SS,300.0,8.0,292.0,0.026666666666577778
126,L-PATTI,0.0,310.0,-310.0,310000000000.0
127,L-PATTI-1X1-SS,0.0,310.0,-310.0,310000000000.0
128,MAGNET,350.0,293.0,57.0,0.8371428571404653
129,"BELL-DOOR HOLDER MAGNET-SS-3""",0.0,3.0,-3.0,3000000000.0
130,"BLANDOX - MAGNET DOOR STOPPER - MATT - 4""",0.0,2.0,-2.0,1999999999.9999998
131,ECO-PUSH MAGNET STOPPER-FIX-SS,0.0,2.0,-2.0,1999999999.9999998
132,HYLIS-PUSH MAGNET CATCH-PVC,0.0,8.0,-8.0,7999999999.999999
133,SHANTI- MAGNET NO. 7- BROWN & IVORY,0.0,60.0,-60.0,60000000000.0
134,SHREEJI-MAGNET NO.3-PVC,350.0,218.0,132.0,0.6228571428553633
135,MIRROR CAP / DUBBI,0.0,36.0,-36.0,36000000000.0
136,"MIRROR CAP-CRYSTAL-(25mm) -1""",0.0,6.0,-6.0,6000000000.0
137,SWISS-MIRROR DUBBI-PLAIN-6MM FULL-BRASS,0.0,30.0,-30.0,30000000000.0
138,NAILS,735.1,621.15,113.95000000000005,0.8449870765870697
139,NAILS - 12X2,51.1,52.65,-1.5499999999999972,1.0303326809974496
140,NAILS - 14x1,0.5,2.0,-1.5,3.9999999920000002
141,NAILS - 14x1.1/2,112.5,81.75,30.75,0.7266666666602074
142,NAILS - 14x1.1/4,200.0,172.2,27.80000000000001,0.860999999995695
143,NAILS - 14x1.3/4,70.0,55.7,14.299999999999997,0.7957142857029184
144,NAILS - 14x2,97.5,82.25,15.25,0.8435897435810914
145,NAILS - 17X1.1/4,22.0,19.35,2.6499999999999986,0.8795454545054753
146,NAILS - 17x1 HL,117.5,87.15,30.349999999999994,0.7417021276532622
147,NAILS - 17x3/4,1.5,5.93,-4.43,3.9533333306977774
148,NAILS - 19X1,47.5,33.82,13.68,0.7119999999850106
149,NAILS - 19X3/4,15.0,28.35,-13.350000000000001,1.889999999874
150,NUT BOLT,320.0,474.0,-154.0,1.4812499999953712
151,BED FITTING NUT BOLT,20.0,16.0,4.0,0.79999999996
152,CAPRI-CARRIAGE BOLT-6X50,300.0,398.0,-98.0,1.3266666666622444
153,"LION-ROOFING BOLT-2""-MS-6X50",0.0,60.0,-60.0,60000000000.0
154,HUNGER PIPE SS 1'' HEVY,0.0,91.6,-91.6,91599999999.99998
155,PIPE-OVAL-CP,0.0,4.0,-4.0,3999999999.9999995
156,"PIPE -SS- 3/4""",0.0,8.0,-8.0,7999999999.999999
157,RAWAL PLUG,160.0,181.0,-21.0,1.1312499999929297
158,NARAYANI WALL PLUG 25 MM,50.0,67.0,-17.0,1.3399999999732002
159,NARAYANI WALL PLUG 32 MM,110.0,114.0,-4.0,1.0363636363542148
160,SCREW,160499.0,277595.0,-117096.0,1.7295746390943139
161,DOLPHINE -M/C.SCREW-3/16X0.75 WW,0.0,15.0,-15.0,15000000000.0
162,DOLPHINE -M/C.SCREW-3/16X22-WW,0.0,10.0,-10.0,10000000000.0
163,DOLPHINE-M/C SCREW-5/32X1.25 WW,0.0,280.0,-280.0,280000000000.0
164,DOLPHINE -M/C.SCREW-5/32X22 WW,0.0,100.0,-100.0,100000000000.0
165,DOLPHIN-M/C.-SCREW-M4X2.0-WW,0.0,225.0,-225.0,225000000000.0
166,DOPHIN-M/C-SCREW-M4X22-WW,0.0,35.0,-35.0,35000000000.0
167,DRYWALL BLACK SCREW 32 X 6,2500.0,500.0,2000.0,0.19999999999992
168,DRYWALL GYPSUM SCREW-6X38,2000.0,9140.0,-7140.0,4.569999999997715
169,DRYWALL GYPSUM SCREW 8X75,1000.0,0.0,1000.0,0.0
170,Ebco-3525-Screw-6x25-Phillips+,0.0,800.0,-800.0,800000000000.0
171,Ebco-Screw Ss-6x20-Csk+PHILLIPS,0.0,1000.0,-1000.0,999999999999.9999
172,"HANDLE SCREW-FLAT HEAD-1""",0.0,134.0,-134.0,133999999999.99998
173,"KING-HANDLE SCREW-M4X19-3/4""",0.0,25.0,-25.0,25000000000.0
174,"MAYUR-FRIENDSHIP-MIRROR SCREW-1""",0.0,156.0,-156.0,156000000000.0
175,"MAYUR-FRIENDSHIP-MIRROR SCREW-1.5""",0.0,47.0,-47.0,47000000000.0
176,"MAYUR-FRIENDSHIP-MIRROR SCREW-2.5""",0.0,13.0,-13.0,13000000000.0
177,MISC SCREW 6X19 DRYWALL GYPSUM,8000.0,5412.0,2588.0,0.6764999999999154
178,OMNI - SCREW-8X35-SS-CSK+-PHILLIPS,0.0,2376.0,-2376.0,2376000000000.0
179,OMNI - SCREW SS 100 X 8 CST + PHILLIPS,500.0,253.0,247.0,0.505999999998988
180,OMNI - SCREW SS 10X100 CSK+PHILLIPS,8000.0,22404.0,-14404.0,2.8004999999996496
181,OMNI - SCREW SS 10x32 Csk - Slotted,15.0,0.0,15.0,0.0
182,OMNI - SCREW-SS-10X50-CSK+PHILLIPS,0.0,243.0,-243.0,243000000000.0
183,OMNI - SCREW SS 10X60 CSK+ PHILLIPS,2000.0,14020.0,-12020.0,7.009999999996495
184,OMNI - SCREW SS 10X75 Csk+ PHILLIPS,6500.0,17150.0,-10650.0,2.6384615384611325
185,OMNI - SCREW SS 4X13 Csk+ Phillips,0.0,2512.0,-2512.0,2512000000000.0
186,OMNI - SCREW SS 4X13 Csk- Slotted,0.0,688.0,-688.0,688000000000.0
187,OMNI - SCREW SS 6X13 Csk+ Phillips,0.0,5994.0,-5994.0,5994000000000.0
188,OMNI - SCREW SS 6X13 Csk- Slotted,0.0,700.0,-700.0,700000000000.0
189,OMNI - SCREW SS 6X16 Csk+ Phillips,0.0,700.0,-700.0,700000000000.0
190,OMNI - SCREW SS 6x19 Csk+ Phillips,52500.0,76324.0,-23824.0,1.4537904761904485
191,OMNI - SCREW SS 6X25 Csk+ Phillips,23643.0,10590.0,13053.0,0.44791270143380923
192,OMNI - SCREW SS 6X25 Csk- Slotted,0.0,1148.0,-1148.0,1148000000000.0
193,OMNI - SCREW SS 6X32 Csk+ Phillips,0.0,1328.0,-1328.0,1328000000000.0
194,OMNI - SCREW SS 6x38 Csk- Soltted,50.0,1000.0,-950.0,19.9999999996
195,OMNI SCREW SS - 6X50 CST + PHILLIPS,0.0,6350.0,-6350.0,6350000000000.0
196,OMNI - SCREW SS 8x16 Csk+ Phillips,0.0,1428.0,-1428.0,1428000000000.0
197,OMNI - SCREW SS 8x19 Csk- Slotted,0.0,724.0,-724.0,724000000000.0
198,OMNI - SCREW SS 8x25 Csk- Slotted,0.0,125.0,-125.0,124999999999.99998
199,OMNI - SCREW SS 8X32 Csk+ Phillips,8000.0,23468.0,-15468.0,2.933499999999633
200,OMNI - SCREW SS 8x32 Csk- Slotted,0.0,428.0,-428.0,428000000000.0
201,OMNI - SCREW SS 8X38 Csk+ Phillips,11000.0,9770.0,1230.0,0.8881818181817374
202,OMNI - SCREW SS 8x38 Csk- Soltted,0.0,22.0,-22.0,22000000000.0
203,OMNI - SCREW SS 8X45 Csk+ Phillips,1000.0,1700.0,-700.0,1.6999999999983
204,OMNI - SCREW SS 8X50 CSK+PHILLIPS,0.0,1362.0,-1362.0,1362000000000.0
205,OMNI - SCREW SS 8X50 Csk- Soltted,0.0,176.0,-176.0,176000000000.0
206,OMNI - SCREW SS 8X60 Csk+ Phillips,7000.0,5517.0,1483.0,0.7881428571427445
207,OMNI - SCREW SS 8x60 Csk- Soltted,0.0,50.0,-50.0,50000000000.0
208,OMNI - SCREW SS 8X75 Csk+ Phillips,5000.0,17171.0,-12171.0,3.4341999999993127
209,OMNI - SCREW SS 8x75 Csk- Soltted,90.0,100.0,-10.0,1.1111111110987655
210,PENTAGON-DRYWALL GYPSUM SCREW 6X19 CSK+,1500.0,3357.0,-1857.0,2.237999999998508
211,PENTAGON-DRYWALL GYPSUM SCREW-6X25 CSK+,2150.0,2250.0,-100.0,1.04651162790649
212,PENTAGON-DRYWALL GYPSUM SCREW-6X50 CSK+,3742.0,2300.0,1442.0,0.6146445750933686
213,SATYAM-H.THREAD-10X50-CSK-,0.0,17.0,-17.0,16999999999.999998
214,SATYAM-H.THREAD-SCREW-8X35,0.0,58.0,-58.0,58000000000.0
215,SATYAM-H.THREAD-SCREW-SS-10X75,0.0,8.0,-8.0,7999999999.999999
216,SHARP-HANDLE SCREW-M4X25 (1'),1750.0,261.0,1489.0,0.14914285714277192
217,SHARP-HANDLE SCREW-M4X32 (1.25'),278.0,6.0,272.0,0.021582733812872006
218,SHARP-HANDLE SCREW-M4X38 (1.5'),0.0,20.0,-20.0,20000000000.0
219,EBCO-HS 50 PDT SLIDE TRACK-2 DOOR-8 FT.,4.0,2.0,2.0,0.499999999875
220,EBCO SLIDING TRACK SDF 60-100 AT2 (244 MTR),1.0,1.0,0.0,0.9999999989999999
221,HS-45-AS-2(AL.PR.TRACKHS-45/HS/45DT) FOR TOP 2-8',0.0,2.0,-2.0,1999999999.9999998
222,HS50R-25-T2-AB (REVERSIBLE SOFT CLOSE TRACK) 8 FUT,4.0,3.0,1.0,0.7499999998125
223,HS50R-2 (REVERSIBLE SC-2.44 METERS-2 DOOR) TRACK,14.0,15.0,-1.0,1.0714285713520408
224,EBCO-HS-50-PDT-2-SLIDING W. FITTING--SOFT CLOSE,0.0,1.0,-1.0,999999999.9999999
225,EBCO-HS50PRT-2-SLIDING FITTING,4.0,0.0,4.0,0.0
226,HS-45(ZW) HISLIDE 45 WHEEL,0.0,2.0,-2.0,1999999999.9999998
227,HS50R-2 (REVERSIBLE SOFT CLOSE -2 DOOR) WHEEL,21.0,21.0,0.0,0.999999999952381
228,SOCKET CURTAIN,40.0,84.0,-44.0,2.0999999999475003
229,KOXI-OVAL SOCKET-CONC.-5/8-CP,0.0,16.0,-16.0,15999999999.999998
230,"SHANTI / PARSHV-PIPE C.SOCKET CONCILD-1""-HY",40.0,45.0,-5.0,1.1249999999718752
231,VIESS-C.SOCKET-KP-32-MET.,0.0,2.0,-2.0,1999999999.9999998
232,VIESS-C.SOCKET-SS BALL-B,0.0,8.0,-8.0,7999999999.999999
233,VIESS-C.SOCKET-SS BALL-E,0.0,2.0,-2.0,1999999999.9999998
234,SOFA LEG,54.0,71.0,-17.0,1.3148148147904666
235,DANIS - SOFA LEG-32-65MM-SS MATT 4'',20.0,23.0,-3.0,1.1499999999425
236,"DANIS-SOFA LEG-F-01-45MM-ROUND-MATT-4""",0.0,4.0,-4.0,3999999999.9999995
237,"DANIS-SOFA LEG-F-27-50MM-SQ.MATT-6""",0.0,3.0,-3.0,3000000000.0
238,STAND,0.0,3.0,-3.0,3000000000.0
239,SUPPORT,0.0,4.0,-4.0,3999999999.9999995
240,"SHANTI-TABLE CORNER-3""-SS",0.0,2.0,-2.0,1999999999.9999998
241,"VIESS-C.SOCKET-SUPPORT-SINGLE-4""X16-CP",0.0,2.0,-2.0,1999999999.9999998
242,TADI,36.0,46.0,-10.0,1.277777777742284
243,TADI-SOCKET-SS-CLIP,0.0,10.0,-10.0,10000000000.0
244,TAPE,409.0,3068.0,-2659.0,7.50122249386919
245,Abro Masking Tape 40 Mtr  - 1023,0.0,10.0,-10.0,10000000000.0
246,AIPL GOLD SELF MASKING TAPE,20.0,66.0,-46.0,3.299999999835
247,AP SUPREME MASKING TAPE 40M,288.0,233.0,55.0,0.8090277777749687
248,COLORS-ABROTAPE-40 MTR.,0.0,4.0,-4.0,3999999999.9999995
249,MASKING TAPE STICKPACK 40 MTR.,0.0,392.0,-392.0,392000000000.0
250,Stick Pack Abro Tape,0.0,22.0,-22.0,22000000000.0
251,"ASANJO-ZINC-T.CHANNEL-12""",0.0,1.0,-1.0,999999999.9999999
252,"ASANJO-ZINC-T.CHANNEL 8""",0.0,2.0,-2.0,1999999999.9999998
253,"EBCO-T.CHANNEL-12""",0.0,1.0,-1.0,999999999.9999999
254,"EBCO-T.CHANNEL-14""",0.0,1.0,-1.0,999999999.9999999
255,Ebco T Channels Soft Close  24'',10.0,0.0,10.0,0.0
256,"GODREJ-7088-DRAWER CHANNEL-SOFTCLOSE-22""-550MM",30.0,30.0,0.0,0.9999999999666667
257,"GODREJ-T.CHANNEL-10""",0.0,34.0,-34.0,33999999999.999996
258,"GODREJ-T CHANNEL-8174-12""",0.0,93.0,-93.0,93000000000.0
259,"GODREJ-T CHANNEL-8175-14""",0.0,159.0,-159.0,159000000000.0
260,"GODREJ-T CHANNEL-8176-16""",0.0,129.0,-129.0,128999999999.99998
261,"GODREJ-T CHANNEL-8177-18""",50.0,69.0,-19.0,1.3799999999724002
262,"GODREJ-T CHANNEL-8178-20""",80.0,94.0,-14.0,1.1749999999853125
263,"GODREJ-T CHANNEL-8179-22""",1.0,10.0,-9.0,9.99999999
264,"GODREJ-T CHANNEL-8180-24""",0.0,10.0,-10.0,10000000000.0
265,GODREJ - T  CHANNEL SOFT CLOSE - 16'',40.0,35.0,5.0,0.874999999978125
266,GODREJ - T  CHANNEL SOFT CLOSE - 18'',10.0,7.0,3.0,0.69999999993
267,TOWER BOLT,0.0,78.0,-78.0,78000000000.0
268,"6"" BRASS MATKA TOWER BOLT",1.0,2.0,-1.0,1.9999999979999998
269,"DENIM- TOWER BOLT- MATKA- 8""- BEASS",1.0,0.0,1.0,0.0
270,G STAR S.S  L TOWER BOLT 6'',0.0,8.0,-8.0,7999999999.999999
271,G STAR S.S TOWER BOLT 4'',0.0,20.0,-20.0,20000000000.0
272,G STAR S.S TOWER BOLT 6'',0.0,3.0,-3.0,3000000000.0
273,G STAR S.S TOWER BOLT 8'',0.0,2.0,-2.0,1999999999.9999998
274,"MILL.-TOWER BOLT-ALUM.-MT.-4""-12MM",0.0,2.0,-2.0,1999999999.9999998
275,"NAMYA-T.BOLT-MARBLE-BRASS-12""",0.0,1.0,-1.0,999999999.9999999
276,"NAMYA-TOWER BOLT-8""-BRASS-SS",0.0,2.0,-2.0,1999999999.9999998
277,"STAR-TOWER BOLT-CAPSULE-4""-SS",0.0,-2.0,2.0,-1999999999.9999998
278,"STAR-TOWER BOLT-CAPSULE.-6""SS",0.0,1.0,-1.0,999999999.9999999
279,"STAR-TOWER BOLT-ROYAL-4""-SS",0.0,2.0,-2.0,1999999999.9999998
280,"STAR-TOWER BOLT-ROYAL.-6""-SS",0.0,1.0,-1.0,999999999.9999999
281,T-PATTY,0.0,1.0,-1.0,999999999.9999999
282,T-PATTI-8MM-ROSE GOLD,0.0,1.0,-1.0,999999999.9999999
283,VICER,0.0,24.0,-24.0,24000000000.0
284,Vicer 3/4,0.0,24.0,-24.0,24000000000.0
285,EBCO - TM 6035 ( TABLE MAT ),3.0,3.0,0.0,0.9999999996666666
286,BC - CUTEER MACHINE,5.0,4.0,1.0,0.79999999984
287,BLUECOAT - WP1 - 1 KG,0.0,9.0,-9.0,9000000000.0
288,Bluefix Epoxy Adhesive Tez (180gm),0.0,1.0,-1.0,999999999.9999999
289,BLUEFIX EPOXY ADHESIVE TEZ ( 90 GMS),0.0,0.0,0.0,0.0
290,BONDTITE-FAST & CLEAR-13GM,0.0,1.0,-1.0,999999999.9999999
291,BONDTITE-SUPERSTRENGTH-13GM,0.0,0.0,0.0,0.0
292,FALCOFIX GOLD WR 10KG,9.0,11.0,-2.0,1.2222222220864198
293,FALCOFIX GOLD WR {1KG},0.0,0.0,0.0,0.0
294,FALCOFIX GOLD WR {20KG},6.0,6.0,0.0,0.9999999998333333
295,FALCOFIX GOLD WR {5KG},4.0,5.0,-1.0,1.2499999996875
296,FALCOFIX WR {10KG},55.0,51.0,4.0,0.9272727272558678
297,FALCOFIX WR (20KG),57.0,48.0,9.0,0.8421052631431211
298,FALCOFIX WR {2KG},0.0,3.0,-3.0,3000000000.0
299,FALCOFIX WR {50KG},20.0,16.0,4.0,0.79999999996
300,FALCOFIX WR {5KG},41.0,40.0,1.0,0.9756097560737657
301,FALCOFIX WR {60KG},22.0,21.0,1.0,0.9545454545020661
302,FEVICOL EZEESPRAY(353gm),60.0,42.0,18.0,0.6999999999883334
303,FEVICOL HEATX {1 LIT},130.0,128.0,2.0,0.9846153846078107
304,FEVICOL HEATX { 500ML},70.0,62.0,8.0,0.8857142857016326
305,FEVICOL HI-PER {1KG},0.0,3.0,-3.0,3000000000.0
306,FEVICOL MARINEKOAT {1LIT},0.0,10.0,-10.0,10000000000.0
307,Fevicol Nail Free Ultra,0.0,4.0,-4.0,3999999999.9999995
308,FEVICOL PROBOND {1KG},0.0,19.0,-19.0,19000000000.0
309,FEVICOL SH {250 GM},0.0,5.0,-5.0,5000000000.0
310,FEVICOL WUDFILL 20 GM,0.0,10.0,-10.0,10000000000.0
311,FEVIKWIK 203 {20gm},44.0,101.0,-57.0,2.295454545402376
312,MXBON 104-20GM CYANOACRYLATE ADH.,0.0,22.0,-22.0,22000000000.0
313,MXBON 104 CYANOACRY ADHESIVE 20 GM,50.0,76.0,-26.0,1.5199999999696001
314,TERMINATOR - WOOD PRESERVATIVE-CLEAR- 320 Ml -SPRAY,0.0,1.0,-1.0,999999999.9999999
315,TIKAWOOD-FASTTIK- 1KG,25.0,20.0,5.0,0.799999999968
316,VETRA LV-401 ASTRAL {20gm},50.0,45.0,5.0,0.8999999999820001
317,BTC-1.5X6,6216.0,17074.6,-10858.599999999999,2.7468790218785797
318,BTC-1X10,0.0,164.6,-164.6,164599999999.99997
319,BTC-1X6,11848.5,22459.6,-10611.099999999999,1.8955648394309914
320,BTC-2.5X10,0.0,538.0,-538.0,537999999999.99994
321,BTC-2X10,0.0,1346.0,-1346.0,1346000000000.0
322,BTC-2X6,8367.0,9892.5,-1525.5,1.182323413409683
323,BTC-3X10,0.0,200.0,-200.0,200000000000.0
324,CP-1.5X10,0.0,80.0,-80.0,80000000000.0
325,CP 1.5X6,0.0,5000.0,-5000.0,5000000000000.0
326,CP-1X10,0.0,10000.0,-10000.0,10000000000000.0
327,CP-1X6,0.0,1500.0,-1500.0,1500000000000.0
328,CP 2X6,0.0,256.0,-256.0,255999999999.99997
329,BR-CLOTH HANGER-ASK-01-6 HOOK-CP,1.0,0.0,1.0,0.0
330,BR-CLOTH HANGER-ASK-01-8 HOOK,0.0,0.0,0.0,0.0
331,BR-CLOTH HANGER-ASK-02-4 HOOK,0.0,0.0,0.0,0.0
332,BR.CLOTH HANGER-ASK-02-6 HOOK-SS,0.0,0.0,0.0,0.0
333,BR.CLOTH HANGER-ASK-02-8 HOOK-CP,0.0,0.0,0.0,0.0
334,BR.CLOTH HANGER-SSK-HY.-4 HOOK,0.0,0.0,0.0,0.0
335,BR.CLOTH HANGER-SSK-HY-6 HOOK,0.0,0.0,0.0,0.0
336,BR.-CLOTH HANGER-SSK-HY-8 HOOK,0.0,0.0,0.0,0.0
337,CLOTH HANGAR-INDIVIDUAL-WITH DORI,0.0,0.0,0.0,0.0
338,CLOTH HANGER 8X4,0.0,1.0,-1.0,999999999.9999999
339,DIE CAST-KHUTTI-2 HOOK-GLOSSY,0.0,0.0,0.0,0.0
340,DIE CAST-KHUTTI-3 HOOK-GLOSSY,0.0,0.0,0.0,0.0
341,DIE CAST-KHUTTI-4 HOOK-GLOSSY,0.0,0.0,0.0,0.0
342,DIE CAST-KHUTTI-5 HOOK-GLOSSY,0.0,0.0,0.0,0.0
343,DIE CAST-KHUTTI-6 HOOK-GLOSSY,0.0,0.0,0.0,0.0
344,DIE CAST-KHUTTI-8 HOOK-GLOSSY,0.0,0.0,0.0,0.0
345,EBCO-HANGER DORI BRACKET-HBK-2 REG.SILVER,0.0,0.0,0.0,0.0
346,"EBCO-KEYBOARD TRAY-KBTM45-450MM-WITH MOUSE-18""",0.0,0.0,0.0,0.0
347,FALAK-KEY HANGAR-BIG(BLUE) MOR Pc.-ANT,0.0,0.0,0.0,0.0
348,FALAK-KEY HANGAR-SMALL(BROWN) MOR Pc.-ANT,0.0,0.0,0.0,0.0
349,FALAK-MOR PC.-KEY HANGER-CP,0.0,0.0,0.0,0.0
350,JP-KHUTTI-K-103-CP-4 HOOK,0.0,0.0,0.0,0.0
351,JP-KHUTTI-K-108-CP-4 HOOK,0.0,0.0,0.0,0.0
352,JP-KHUTTI-K-108-CP-5 HOOK,0.0,0.0,0.0,0.0
353,JP-KHUTTI-K-109-CP-4 HOOK,0.0,0.0,0.0,0.0
354,JP-KHUTTI-K-18-CP-4 HOOK,0.0,0.0,0.0,0.0
355,KEY HANGAR-ASSURE-JAGUAR-ANT,0.0,1.0,-1.0,999999999.9999999
356,KEY HANGAR-ASSURE-JAGUAR-ANT(GREEN),0.0,0.0,0.0,0.0
357,KEY HANGAR-BASARI-WITH MOR ANTIC,0.0,0.0,0.0,0.0
358,KEY HANGAR-NIJ-UMBRELLA-WENGI/ORANGE,0.0,1.0,-1.0,999999999.9999999
359,KEY HANGER-FISH,0.0,0.0,0.0,0.0
360,KEY HANGER-MOR-ANT,0.0,0.0,0.0,0.0
361,KEY HANGER-VEENA-ANT.,0.0,0.0,0.0,0.0
362,MILL.-CLOTH HINGER-KHUTTI-T.S.-WENGI-6 HOOK,0.0,0.0,0.0,0.0
363,MILL.-HANGER-KHUTTI-CHAIN-WENGI-6 HOOK,0.0,0.0,0.0,0.0
364,PARSHV-8MM OVAL RING,0.0,2.0,-2.0,1999999999.9999998
365,RAINBOW-CLOTH DRY HANGER,0.0,0.0,0.0,0.0
366,SAZISH-WALL HANGER-IVORY-6 HOOK,0.0,0.0,0.0,0.0
367,SHANTI-HANGER-PATTI KHUTTI-3 HOOK,0.0,0.0,0.0,0.0
368,SHANTI-KHUTTI-BUTTERFLY-4 HOOK,0.0,0.0,0.0,0.0
369,SKYNET-JP-KHUTTI-HANGER-K-103-GL-5 HOOK,0.0,1.0,-1.0,999999999.9999999
370,SKYNET-JP-KHUTTI-HANGER-K-103-GL-6 HOOK,0.0,0.0,0.0,0.0
371,SKYNET-JP-KHUTTI-HANGER-K-108-CP-6 HOOK,0.0,4.0,-4.0,3999999999.9999995
372,SKYNET-JP-KHUTTI-HANGER-K-18-CP-5 HOOK,0.0,2.0,-2.0,1999999999.9999998
373,SKYNET-JP-KHUTTI-HANGER-K-18-CP-6 HOOK,0.0,1.0,-1.0,999999999.9999999
374,SKYNET-KHUTTI-K-109-CP-5 HOOK,0.0,0.0,0.0,0.0
375,SKYNET-KHUTTI-K-109-CP-6 HOOK,0.0,3.0,-3.0,3000000000.0
376,SPL-CLOTH HANGER-PATTI KHUTTI-4 HOOK,0.0,1.0,-1.0,999999999.9999999
377,SPL-CLOTH HANGER-PATTI KHUTTI-5 HOOK,0.0,0.0,0.0,0.0
378,SPL-CLOTH HANGER-PATTI KHUTTI-6 HOOK,0.0,1.0,-1.0,999999999.9999999
379,"AARO-T.CHANNEL-26""",0.0,1.0,-1.0,999999999.9999999
380,"ALICO-T.CHANNEL-10""",0.0,0.0,0.0,0.0
381,"ALICO-T.CHANNEL-12""",0.0,0.0,0.0,0.0
382,"ALICO-T.CHANNEL-14""",0.0,0.0,0.0,0.0
383,"ALICO-T.CHANNEL-16""",0.0,0.0,0.0,0.0
384,"ALICO-T.CHANNEL-18""",0.0,0.0,0.0,0.0
385,"ALICO-T.CHANNEL-20""",0.0,0.0,0.0,0.0
386,"ALICO-T.CHANNEL-22""",0.0,1.0,-1.0,999999999.9999999
387,"ASANJO-ZINC-T.CHANNEL-12""",0.0,2.0,-2.0,1999999999.9999998
388,"ASANJO-ZINC-T.CHANNEL 8""",0.0,0.0,0.0,0.0
389,"AXIS PREMIUM-T-CHANNEL-12""",0.0,0.0,0.0,0.0
390,"AXIS PREMIUM-T-CHANNEL-14""",0.0,0.0,0.0,0.0
391,"AXIS PREMIUM-T-CHANNEL-16""",0.0,0.0,0.0,0.0
392,"AXIS PREMIUM-T-CHANNEL-18""",0.0,0.0,0.0,0.0
393,"AXIS PREMIUM-T-CHANNEL-20""",0.0,0.0,0.0,0.0
394,"AXIS-PREMIUM-T.CHANNEL-22""",0.0,0.0,0.0,0.0
395,"BLANDOX-T.CHANNEL-30""-HY.",0.0,0.0,0.0,0.0
396,"DEFECTIVE-KREST-T.CHANNEL-20""",0.0,0.0,0.0,0.0
397,"DEFECTIVE-KREST-T.CHANNEL-24""",0.0,0.0,0.0,0.0
398,EBCO-T-CHANEELS 36'',0.0,0.0,0.0,0.0
399,"EBCO-T-CHANNEL-10""",0.0,1.0,-1.0,999999999.9999999
400,"EBCO-T.CHANNEL-12""",0.0,1.0,-1.0,999999999.9999999
401,"EBCO-T.CHANNEL-14""",0.0,0.0,0.0,0.0
402,"EBCO-T-CHANNEL-16""",0.0,0.0,0.0,0.0
403,"EBCO-T.CHANNEL-18""",0.0,10.0,-10.0,10000000000.0
404,"EBCO-T.CHANNEL-20""",0.0,0.0,0.0,0.0
405,"EBCO-T.CHANNEL-22""",0.0,0.0,0.0,0.0
406,"EBCO-T-CHANNEL-24""",0.0,0.0,0.0,0.0
407,"EBCO-T-CHANNEL-26""",0.0,0.0,0.0,0.0
408,"EBCO-T-CHANNEL-28""",0.0,0.0,0.0,0.0
409,"EBCO-T.CHANNEL-8""",0.0,0.0,0.0,0.0
410,EBCO - T -  CHANNELS 30'',10.0,0.0,10.0,0.0
411,Ebco T Channels Soft Close  24'',0.0,0.0,0.0,0.0
412,"GODREJ-6905-HEAVY DUTY-650MMT-CHANNEL-26""",0.0,0.0,0.0,0.0
413,"GODREJ- 6908-HEAVY DUTY DRAWER SLIDES 800MM-32""",0.0,0.0,0.0,0.0
414,"GODREJ-6998-HEAVY DUTY DRAWER SLIDES-900MM-36""",30.0,30.0,0.0,0.9999999999666667
415,"GODREJ-7088-DRAWER CHANNEL-SOFTCLOSE-22""-550MM",0.0,34.0,-34.0,33999999999.999996
416,"GODREJ-T.CHANNEL-10""",0.0,0.0,0.0,0.0
417,"GODREJ-T.CHANNEL-28""",0.0,93.0,-93.0,93000000000.0
418,"GODREJ-T CHANNEL-8174-12""",0.0,159.0,-159.0,159000000000.0
419,"GODREJ-T CHANNEL-8175-14""",0.0,129.0,-129.0,128999999999.99998
420,"GODREJ-T CHANNEL-8176-16""",50.0,69.0,-19.0,1.3799999999724002
421,"GODREJ-T CHANNEL-8177-18""",80.0,94.0,-14.0,1.1749999999853125
422,"GODREJ-T CHANNEL-8178-20""",1.0,10.0,-9.0,9.99999999
423,"GODREJ-T CHANNEL-8179-22""",0.0,10.0,-10.0,10000000000.0
424,"GODREJ-T CHANNEL-8180-24""",0.0,0.0,0.0,0.0
425,GODREJ - T  CHANNEL SOFT CLOSE - 14'',40.0,35.0,5.0,0.874999999978125
426,GODREJ - T  CHANNEL SOFT CLOSE - 16'',10.0,7.0,3.0,0.69999999993
427,GODREJ - T  CHANNEL SOFT CLOSE - 18'',0.0,0.0,0.0,0.0
428,"HAFELE-SOFTCLOSE-T.CHANNEL-12""",0.0,0.0,0.0,0.0
429,"HAFELE-SOFTCLOSE-T.CHANNEL-14""",0.0,0.0,0.0,0.0
430,"HAFELE-SOFTCLOSE-T.CHANNEL-16""",0.0,0.0,0.0,0.0
431,"HAFELE-SOFTCLOSE-T.CHANNEL-18""",0.0,0.0,0.0,0.0
432,"HAFELE-SOFTCLOSE-T.CHANNEL-22""",0.0,0.0,0.0,0.0
433,"HAFFLE-T.CHANNEL-28""",0.0,0.0,0.0,0.0
434,"HETTITCH-T-CHANNEL-10""",0.0,0.0,0.0,0.0
435,"HETTITCH-T-CHANNEL-12""",0.0,0.0,0.0,0.0
436,"HETTITCH-T-CHANNEL-14""",0.0,0.0,0.0,0.0
437,"HETTITCH-T-CHANNEL-16""",0.0,0.0,0.0,0.0
438,"HETTITCH-T-CHANNEL-18""",0.0,0.0,0.0,0.0
439,"HETTITCH-T-CHANNEL-22""",0.0,0.0,0.0,0.0
440,"HETTITCH-T-CHANNEL-24""",0.0,0.0,0.0,0.0
441,"HETTITCH-T-CHANNEL-26""",0.0,0.0,0.0,0.0
442,"HETTITCH-T-CHANNEL-28""",0.0,0.0,0.0,0.0
443,"HETTOTCH-T.CHANNEL-20""",0.0,0.0,0.0,0.0
444,"MAXX LIFE-T.CHANNEL-10""",0.0,0.0,0.0,0.0
445,"MAXX LIFE-T.CHANNEL-12""",0.0,0.0,0.0,0.0
446,"MAXXLIFE-T.CHANNEL-14""",0.0,0.0,0.0,0.0
447,"MAXX LIFE-T.CHANNEL-16""",0.0,0.0,0.0,0.0
448,"MAXX LIFE-T.CHANNEL-18""",0.0,0.0,0.0,0.0
449,"MAXX LIFE-T.CHANNEL-20""",0.0,0.0,0.0,0.0
450,"MAXX LIFE-T.CHANNEL-22""",0.0,0.0,0.0,0.0
451,"MAXX LIFE-T.CHANNEL-24""",0.0,0.0,0.0,0.0
452,"MAXX LIFE-T.CHANNEL-26""",0.0,0.0,0.0,0.0
453,"MAXX LIFE-T.CHANNEL-28""",0.0,0.0,0.0,0.0
454,"MULTIQUIP-T.CHANNEL-30""",0.0,0.0,0.0,0.0
455,"PANJO-T.CHANNEL-12""",0.0,2.0,-2.0,1999999999.9999998
456,"PANJO-T.CHANNEL-14""",0.0,0.0,0.0,0.0
457,"PANJO-T.CHANNEL-16""",0.0,0.0,0.0,0.0
458,"PANJO-T.CHANNEL-18""",0.0,0.0,0.0,0.0
459,"SLIDEWELL-T.CHANNEL-10""",0.0,0.0,0.0,0.0
460,"SLIDEWELL-T.CHANNEL-16""",0.0,0.0,0.0,0.0
461,"SLIDEWELL-T.CHANNEL-22""(DEFECTIVE)",0.0,0.0,0.0,0.0
462,"T.CHANNEL-42""",0.0,0.0,0.0,0.0
463,"WIFI-T-CHANNEL-10""",0.0,0.0,0.0,0.0
464,AAIJEE-TABLE BRACKET-24,0.0,0.0,0.0,0.0
465,"BALAJI- DINNING TABLE BRACKET- 36""",0.0,0.0,0.0,0.0
466,"BL-F-Bracket-6""-12mm-Sscp",0.0,0.0,0.0,0.0
467,"EBCO-CONC.-TABLE BRACKET-TBR50(AT)-500MM-20""",0.0,0.0,0.0,0.0
468,"EBCO-CONC.TABLE BRACKET-TBRO (AT) -400MM-16""",0.0,0.0,0.0,0.0
469,EBCO-FUT120 (FOLDING UTILITY TABLE-1200)- 4',1.0,1.0,0.0,0.9999999989999999
470,EBCO-FUT120 (FOLDING UTILITY TABLE-900)- 3'',1.0,1.0,0.0,0.9999999989999999
471,"EBCO-TABLE  BRACKET-24""(600MM)",0.0,0.0,0.0,0.0
472,"EBCO-TABLE BRACKET-400MM-16""-TB40AT",0.0,0.0,0.0,0.0
473,EBCO- TABLE BRACKET-FUT60 (FOLDING TABLE-600)-2',0.0,0.0,0.0,0.0
474,"EBCO-TABLE BRACKET-TB-50 (AT)-500MM-20""",2.0,2.0,0.0,0.9999999995
475,"EBCO-TB 30-(AT)-TABLE BRACKET-(300MM)-12""",0.0,0.0,0.0,0.0
476,EBS-CM1 (ELECTRIC BOX-CEILING MOUNT) 2 POWER+2 CHAR,0.0,0.0,0.0,0.0
477,EBS-FU2 (ELECTRIC BOX-FLIP UP,1.0,1.0,0.0,0.9999999989999999
478,"FOLDING BED SOCKET-1 1/2""-HY",0.0,0.0,0.0,0.0
479,FR2- FOOT REST,2.0,2.0,0.0,0.9999999995
480,LTS-1 (LAPTOP STAND),0.0,0.0,0.0,0.0
481,MILL-F-BRACKET-6X12MM-MATT-SQUARE,0.0,0.0,0.0,0.0
482,MILL-F-BRACKET-8X12MM-MATT,0.0,1.0,-1.0,999999999.9999999
483,MILL-F-BRACKET-(8X8MM)-MATT,0.0,5.0,-5.0,5000000000.0
484,MILL-F-BRAKET-12X12MM-MATT-SQUARE,0.0,0.0,0.0,0.0
485,MILL-F-BRAKET-12X8MM-MATT-SQURE,0.0,0.0,0.0,0.0
486,MILL-STEEL-F-BRACKET-FLAT-6X12MM,0.0,0.0,0.0,0.0
487,MILL-STEEL-F-BRACKET-MAT-4X12MM,0.0,0.0,0.0,0.0
488,NAMYA-U-BRACKET-2X10MM,0.0,0.0,0.0,0.0
489,NAMYA-U BRACKET-2X12MM-BRASS,0.0,0.0,0.0,0.0
490,NAMYA-U-BRACKET-2X6MM-SS,0.0,6.0,-6.0,6000000000.0
491,PRAJVAL-SQUARE BRAKET 2X10MM-SS,0.0,0.0,0.0,0.0
492,SHANTI-D.BRACKET-12MM-FOLDING(2X1),0.0,14.0,-14.0,14000000000.0
493,"SHANTI-F-BRACKET-4""X ADJST",0.0,0.0,0.0,0.0
494,"SHANTI-F-BRACKET-6""X ADJST-MATT",0.0,0.0,0.0,0.0
495,"SHANTI-F-BRACKET-8""XADJST",0.0,0.0,0.0,0.0
496,SLTL 2 -E AT( SMART LIFT ELECTRIC-2) AT,1.0,1.0,0.0,0.9999999989999999
497,STAR-FOLDING BRACKET-2X8MM-SS,0.0,0.0,0.0,0.0
498,STAR-SQ. BRACKET-2X12MM-SS,0.0,0.0,0.0,0.0
499,WSTR-9 IV WORK STATION TRAY (ROUND) IV,0.0,0.0,0.0,0.0
500,ALICO-6 WHEEL-NANO,0.0,0.0,0.0,0.0
501,ALICO-BALL CASTOR-ORANGE-50MM,0.0,0.0,0.0,0.0
502,ALICO-SIX 6 WHEEL CLASSIC BEARING,0.0,0.0,0.0,0.0
503,"EBCO-ZIPCO- P FIXED CASTOR 25MM-1""",0.0,1.0,-1.0,999999999.9999999
504,"EROS-PREMIUM-CASTOR-SWIVEL-2""-ORANGE-LOCK",0.0,1.0,-1.0,999999999.9999999
505,KHUSHI-FIX CASTOR-25MM,0.0,0.0,0.0,0.0
506,"KHUSHI-FIX CASTOR-30MM-1.25""",0.0,0.0,0.0,0.0
507,"KHUSHI-FIX CASTOR-40MM-1.5""",0.0,0.0,0.0,0.0
508,KHUSHI-FIX CASTOR-DURLING-20MM,0.0,0.0,0.0,0.0
509,KHUSHI-PLY CASTOR-IMP BEARING,0.0,0.0,0.0,0.0
510,KHUSHI-REVO. 6WHEEL CASTOR-10GM BODY JAPAN BE,0.0,0.0,0.0,0.0
511,KHUSHI-REVOLING CASTOR-25MM -NYLON,0.0,1.0,-1.0,999999999.9999999
512,LAXMI-6WHEEL CASTOR DERLIN,0.0,0.0,0.0,0.0
513,LAXMI-BALL CASTOR-38MM,0.0,0.0,0.0,0.0
514,LAXMI-FIX CASTOR-DURLING,0.0,0.0,0.0,0.0
515,"LAXMI-REVOLVING CASTOR-WITH LOCK-2""",0.0,0.0,0.0,0.0
516,"NEW-PREMIUM-CASTOR-SWIVEL-1.5""-ORANGE-LOCK",0.0,0.0,0.0,0.0
517,PREMIUM-BALL CASTOR-1.25 SP HEAVY,0.0,0.0,0.0,0.0
518,PREMIUM - BALL CASTOR ORANGE 1.5 SP HEAVY,0.0,1.0,-1.0,999999999.9999999
519,PREMIUM-CASTOR-6 WHEEL-IMP BEARING,0.0,0.0,0.0,0.0
520,PREMIUM CASTOR-IMP-6 WHEEL MINI,0.0,2.0,-2.0,1999999999.9999998
521,PREMIUM-CASTOR-REVOLVING 6 WHEEL,0.0,0.0,0.0,0.0
522,PREMIUM CONCEAL CASTOR GOLI 1/2'',0.0,32.0,-32.0,31999999999.999996
523,PREMIUM-CONCILD CASTOR-DERLIN,0.0,0.0,0.0,0.0
524,"SHANTI-BALL CASTOR-ORANGE-38MM-1.5""",0.0,0.0,0.0,0.0
525,"SHANTI-BALL CASTOR-ORANGE-50MM-2""",0.0,2.0,-2.0,1999999999.9999998
526,SHANTI-CASTOR-4WHEEL-ORANGE,0.0,0.0,0.0,0.0
527,SHANTI CASTOR 4 WHEEL PRIMIUM,0.0,0.0,0.0,0.0
528,SHANTI-CASTOR-4 WHEEL-WHITE,0.0,0.0,0.0,0.0
529,SHANTI-CASTOR-6 WHEEL-ORANGE,0.0,0.0,0.0,0.0
530,SHANTI-CASTOR-6 WHEEL-WHITE-BEARING,0.0,0.0,0.0,0.0
531,SHANTI CASTOR-6 WHEEL WHITE-HY.,0.0,57.0,-57.0,57000000000.0
532,"SHANTI-FIX CASTOR-25MM-1""",0.0,12.0,-12.0,12000000000.0
533,"SHANTI-FIX CASTOR-30MM-1.25""",0.0,4.0,-4.0,3999999999.9999995
534,"SHANTI-NEW STAR PREM.-FIX CASTOR-40MM-1.50""",0.0,0.0,0.0,0.0
535,SHNATI-PREMIUM BALL CASTOR -38MM 1X1/2 NEW STAR BLA,0.0,0.0,0.0,0.0
536,SURAJ-CASTOR-SIXER 6 WHEEL ORANGE (L) - MAYUR,0.0,0.0,0.0,0.0
537,VINAYAK-BALL CASTOR-38MM,0.0,0.0,0.0,0.0
538,VINAYAK-BALL CASTOR-50MM,0.0,0.0,0.0,0.0
539,"ALICO-GAS PUMP-35KG-12""",0.0,-1.0,1.0,-999999999.9999999
540,"BALAJI-GAS PUMP-12""-30KG",0.0,0.0,0.0,0.0
541,BALAJI- GAS PUMP-20KG,0.0,0.0,0.0,0.0
542,"BALAJI-GAS PUMP-35KG-12""",0.0,0.0,0.0,0.0
543,"COLORS-GAS PUMP-9""-15KG",0.0,0.0,0.0,0.0
544,Ebco Gas Pump 100kg,0.0,0.0,0.0,0.0
545,EBCO GAS PUMP 175 KG,5.0,5.0,0.0,0.9999999998
546,EBCO-GAS PUMP-30KG,0.0,0.0,0.0,0.0
547,EBCO-GAS PUMP-75KG,0.0,0.0,0.0,0.0
548,EBCO GAS PUMP HEAVY DUTY 25 KG,0.0,4.0,-4.0,3999999999.9999995
549,EBCO GAS PUMP HEAVY DUTY 30 KG,0.0,0.0,0.0,0.0
550,EBCO-GAS PUMP PLBF-120KG,0.0,3.0,-3.0,3000000000.0
551,EBCO-GAS PUMP-PLBF-150KG,13.0,15.0,-2.0,1.1538461537573965
552,EBCO-GAS PUMP-PLBF-200KG,0.0,2.0,-2.0,1999999999.9999998
553,EBCO-GAS PUMP PLBF-50KG,0.0,0.0,0.0,0.0
554,EBCO-GAS PUMP-PLC-06- 6 KG,0.0,0.0,0.0,0.0
555,"EBCO-GAS PUMP-PLC-10-10KG-9""",0.0,7.0,-7.0,7000000000.0
556,"EBCO-GAS PUMP-PLC-12-12KG-9""",0.0,0.0,0.0,0.0
557,EBCO-GAS PUMP-PLC-15-15KG,0.0,2.0,-2.0,1999999999.9999998
558,"EBCO-GAS PUMP-PLC-20-20KG-9""",5.0,4.0,1.0,0.79999999984
559,"EBCO-GAS PUMP-PLC-25-25KG-9""",0.0,0.0,0.0,0.0
560,EBCO-PLBF 175C-GAS PUMP-175KG,0.0,0.0,0.0,0.0
561,EBCO-PLC 10-SC-PUMP (PRO-LIFT OFT CLOSE),0.0,0.0,0.0,0.0
562,EBCO-PLC-15-SC-PUMP-PRO-LIFT SOFT CLOSE,0.0,0.0,0.0,0.0
563,EBCO PLCHD 35 (AT) GAS PUMP-35 KG,0.0,0.0,0.0,0.0
564,Hettich Gas Spring 150 Kg,0.0,0.0,0.0,0.0
565,HETTICH GAS SPRING PLUS BLACK 5 - 120KG,0.0,0.0,0.0,0.0
566,"KAWASAKI-GAS PUMP-12""-10KG",0.0,0.0,0.0,0.0
567,"KAWASAKI-GAS PUMP-12""-25KG",0.0,0.0,0.0,0.0
568,"KAWASAKI -GAS PUMP-18""-100KG",0.0,0.0,0.0,0.0
569,"KAWASAKI-GAS PUMP-9""-10KG",0.0,0.0,0.0,0.0
570,"KAWASAKI-GAS PUMP-9""-5KG",0.0,0.0,0.0,0.0
571,"ROEASY-GAS PUMP-10 KG-10""",0.0,0.0,0.0,0.0
572,"ROEASY-GAS PUMP-125 KG-(14"")",0.0,0.0,0.0,0.0
573,"ROEASY GAS PUMP 14""X100KG",0.0,0.0,0.0,0.0
574,"ROEASY-GAS PUMP-15 KG-10""",0.0,0.0,0.0,0.0
575,"ROEASY-GAS PUMP-20 KG-10""",0.0,0.0,0.0,0.0
576,"ROEASY-GAS PUMP-25 KG-10""",0.0,0.0,0.0,0.0
577,"ROEASY-GAS PUMP-5 KG-10""",0.0,0.0,0.0,0.0
578,3000-ADVANTIS RIMTRONIC RF,0.0,0.0,0.0,0.0
579,4101-ADVANTIS RIMTRONIC ADVANTIS RIM LOCK,0.0,0.0,0.0,0.0
580,4199 CATUS TOUCH,0.0,0.0,0.0,0.0
581,4200 CATUS TOUCH PLUS,0.0,0.0,0.0,0.0
582,4967-ADVANTIS BIOMETRIC DOOR LOCK,0.0,0.0,0.0,0.0
583,ALICO-SLIDING POPAT LOCK,0.0,0.0,0.0,0.0
584,ALLOUT-D.LOCK-I-20-WAVE KEY,0.0,1.0,-1.0,999999999.9999999
585,ASANJO-D.LOCK-MULTI PURPOSE-22MM,0.0,3.0,-3.0,3000000000.0
586,ASANJO-D.LOCK-MULTI PURPOSE-32MM,0.0,0.0,0.0,0.0
587,BLANDOX-HANDLE-MORTISE LOCK BODY+CYLINDER-BMLB-05,0.0,0.0,0.0,0.0
588,BLANDOX-SLIDING-POPAT LOCK-BSL-06,0.0,0.0,0.0,0.0
589,CNR-CLBC-01-LOCK BODY+CYLINDER COMBO SET-SS,0.0,0.0,0.0,0.0
590,CNR-CTBL-803ET-CYL. LOCK-(60MM)-SS304,0.0,0.0,0.0,0.0
591,CNR-STAR KEY DEAD LOCK-CSKL-05,0.0,1.0,-1.0,999999999.9999999
592,CNR-STAR KEY SLIDING LOCK-CSKL-02,0.0,0.0,0.0,0.0
593,CSL1-25-S2 CUPBOARD SLIDING LOCK  (SET OF2 LOCK),4.0,2.0,2.0,0.499999999875
594,CYLINDER-70MM-ANT.,0.0,1.0,-1.0,999999999.9999999
595,Digi Lock (8301),0.0,0.0,0.0,0.0
596,Digital Lock,0.0,0.0,0.0,0.0
597,EBCO-C.LOCK-DIMPLE KEYS-29MM-P-SRC-29D (BS),0.0,0.0,0.0,0.0
598,EBCO-CUP.LOCK-DIMPLE KEYS-23MM-P-SRC-23D,0.0,9.0,-9.0,9000000000.0
599,EBCO-D.LOCK-DIMPLE KEYS-23MM-P-SRD-23D(BS),0.0,5.0,-5.0,5000000000.0
600,EBCO-D.LOCK-DIMPLE KEYS-29MM-P-SRD-29D (BS),0.0,0.0,0.0,0.0
601,EBCO-D.LOCK-E-SQL1-22 M SQ.LOCK 22MM-METAL KEY,0.0,0.0,0.0,0.0
602,EBCO-D.LOCK-SQL1-22 SQ.LOCK 22MM,0.0,0.0,0.0,0.0
603,EBCO-D.LOCK-WAVE KEYS-23MM-P-SRD-23W,0.0,0.0,0.0,0.0
604,EBCO-D.LOCK-WAVE KEYS-29MM-P-SRD-29W,0.0,0.0,0.0,0.0
605,EBCO-MORTISE LOCK-MDLS-EL-SS-NP-KEYLESS-LEFT,0.0,0.0,0.0,0.0
606,EBCO-MORTISE LOCK-MDLS-ER-SS-NP-KEYLESS-LEFT,0.0,0.0,0.0,0.0
607,EBCO-P-DKL1K-AT(PRESTO-DOOR KNOB LOCK-KEYED),0.0,0.0,0.0,0.0
608,EBCO-P-DKL1K-CP(PRESTO-DOOR KNOB LOCK-KEYED),0.0,0.0,0.0,0.0
609,EBCO-P-DKL1K-NS-KEYED-(PRESTO-DOOR KNOB LOCK-KEYED),0.0,0.0,0.0,0.0
610,EBCO-P-DKL-1K-NS-KEYLESS-(PRESTO-DOOR-KNOB-LOCK),0.0,0.0,0.0,0.0
611,EBCO-PMT-1-22-PUSH & TURN LATCH (CENTRE)-NICKEL,0.0,0.0,0.0,0.0
612,EBCO-P-SRC-35D-CUPBOARD LOCK-DIMPLE KEY,0.0,0.0,0.0,0.0
613,EBCO-SLIDING WARDROBE LOCK-PWLS-1-19MM,0.0,2.0,-2.0,1999999999.9999998
614,EBCO-SLIDING WARDROBE LOCK-PWLS-1-25,0.0,0.0,0.0,0.0
615,EBCO-TL-1-TURN LATCH-SATIN LATCH,0.0,0.0,0.0,0.0
616,EUROPA-C.LOCK-F-360SB,0.0,0.0,0.0,0.0
617,EUROPA - CYLINDRICAL LOCK KEYED,0.0,0.0,0.0,0.0
618,EUROPA - CYLINDRICAL LOCK KEYLESS,0.0,1.0,-1.0,999999999.9999999
619,EUROPA DISC PAD LOCK-P 390 SS COMMON KEY,0.0,0.0,0.0,0.0
620,EUROPA-D.LOCK-F-355 SS-DIMPLE KEY,0.0,1.0,-1.0,999999999.9999999
621,EUROPA-D.LOCK-F-365-19MM-DIPLE KEY,0.0,0.0,0.0,0.0
622,EUROPA-D.LOCK-F-375SS-DIMPLE KEY,0.0,0.0,0.0,0.0
623,EUROPA - NIGHT LATCH 8013 IN TRIBOLT,0.0,0.0,0.0,0.0
624,EUROPA-NIGHT LATCH-8013 NS-3 DEAD BOLTS,0.0,0.0,0.0,0.0
625,EUROPA - NIGHT LATCH 8013 - NS TRIBOLT,0.0,0.0,0.0,0.0
626,FOUR WAY LOG (POPAT) LOCK,0.0,0.0,0.0,0.0
627,GODREJ-1151-STRIKER PALTE-TRIBOLT,0.0,0.0,0.0,0.0
628,GODREJ- 4291 -VERTIBOLT ULTRA-1CK SS,0.0,0.0,0.0,0.0
629,GODREJ-4374-DRAWER LOCK-NUVO-20MM-BS,0.0,11.0,-11.0,11000000000.0
630,GODREJ-4375-DRAWER LOCK-NUVO-25MM-BS,0.0,1.0,-1.0,999999999.9999999
631,GODREJ-4376-WARDROBE LOCK-NUVO-25MM-BS,0.0,0.0,0.0,0.0
632,GODREJ-4377-WARDROBE LOCK-NUVO-32MM-BS,0.0,0.0,0.0,0.0
633,GODREJ-4492-HANDLE WITH LOCK,0.0,0.0,0.0,0.0
634,Godrej-5304-Ultra Latch Cum Lock Shaft-Inside,0.0,0.0,0.0,0.0
635,GODREJ-5760-ULTRA XL+ TWINBOLT-OUTSIDE-SS,0.0,0.0,0.0,0.0
636,GODREJ-5762-ULTRA LOCK-(OUTSIDE)-S/A,0.0,1.0,-1.0,999999999.9999999
637,GODREJ-5809-CY.LOCK-WOODEN CLASSIC-60MM,0.0,0.0,0.0,0.0
638,GODREJ-5810-CY.LOCK-ANT./B-60MM,0.0,0.0,0.0,0.0
639,GODREJ-6078-ULTRA XL+ RIM DEAD BOLT-LATCH,0.0,0.0,0.0,0.0
640,GODREJ-6082-ULTRA XL+ TWINBOLT 1 CK -SS- LOCK,0.0,0.0,0.0,0.0
641,GODREJ  6083  ULTRA LOCK INSIDE,0.0,0.0,0.0,0.0
642,GODREJ-6084-ULTRA XL-TWINBOLT-1 CK-DEADBOLT-SS,0.0,0.0,0.0,0.0
643,GODREJ-6086-ULTRA XL+ TRIBOLT 1K-SS- LOCK-(INSIDE),0.0,0.0,0.0,0.0
644,GODREJ-6088-ULTRA XL+ TRIBOLT 1 CK DB-SS,0.0,0.0,0.0,0.0
645,GODREJ-6359-PENTABOLT-ARIES-1CK/OROMAN SILVER,0.0,0.0,0.0,0.0
646,GODREJ-6362-PENTABOLT-ARIES-1CK I/O VEGAS GOLD,0.0,0.0,0.0,0.0
647,GODREJ-6403-VERTIBOLT-RIM LOCK,0.0,0.0,0.0,0.0
648,GODREJ-6698-ROSE SET NEH 10,0.0,0.0,0.0,0.0
649,GODREJ-7119-ROSE SET NEH 06,0.0,0.0,0.0,0.0
650,GODREJ-8010-CURVO WARDROBE LOCK-25MM,0.0,2.0,-2.0,1999999999.9999998
651,GODREJ-8085-CURVO-D.LOCK-20MM-COMMON KEY,0.0,0.0,0.0,0.0
652,GODREJ-8261-NIGHT LATCH-(INSIDE),0.0,0.0,0.0,0.0
653,GODREJ-8351-RIM LOCK (INSIDE) MET SATIN,0.0,0.0,0.0,0.0
654,GODREJ-8352-RIM LOCK-A/B,0.0,0.0,0.0,0.0
655,GODREJ-8447-24CM-MORTISE LOCK,0.0,0.0,0.0,0.0
656,GODREJ-8448-24CM-LOCK BODY-3 BOLTS LOCK,0.0,0.0,0.0,0.0
657,GODREJ-8812-RIM LOCK,0.0,0.0,0.0,0.0
658,GODREJ-8813-RIM LOCK-O/S,0.0,0.0,0.0,0.0
659,GODREJ-9104-RIM LOCK-1 CK (INSIDE) BEIGE BROWN,0.0,0.0,0.0,0.0
660,GODREJ-9105-RIM LOCK-(OUTSIDE)-BIEGE BROWN,0.0,0.0,0.0,0.0
661,GODREJ-9159-HOOK BOLT-SLIDING POPAT LOCK-4 LEVER,0.0,-4.0,4.0,-3999999999.9999995
662,GODREJ-9843-CY.LOCK-KEYLESS-5 YRS.,0.0,0.0,0.0,0.0
663,GODREJ-CY. LOCK-5329-KEYED-(5 YR.),0.0,0.0,0.0,0.0
664,GODREJ-CY.LOCK WITH KEY-5808,0.0,0.0,0.0,0.0
665,GODREJ-CY. LOCK WITH KEY-6334,0.0,0.0,0.0,0.0
666,GODREJ-CY.LOCK W/O  KEY-5805,0.0,0.0,0.0,0.0
667,GODREJ-D. & C. MULTIPURPOSE LOCK (8299)-UNI.KEY,0.0,1.0,-1.0,999999999.9999999
668,GODREJ-DISC PAD LOCK-90MM- KEYS DURO-4067 ULTRA XL+,0.0,0.0,0.0,0.0
669,GODREJ-D.LOCK-20MM-CURVO-8012,60.0,0.0,60.0,0.0
670,GODREJ-D.LOCK-25MM-CURVO-8013,0.0,0.0,0.0,0.0
671,GODREJ-D.LOCK 8000 MULTIPURPOSE-DIMPLE ULTRA KEY,0.0,0.0,0.0,0.0
672,GODREJ-D.LOCK-9350 MULTIPURPOSE LOCK-BLACK KEY,0.0,1.0,-1.0,999999999.9999999
673,GODREJ-DURA LOCK-ULTRA XL-70MM-4072-COMMON KEY,5.0,0.0,5.0,0.0
674,GODREJ-DURA PAD LOCK-70MM-8227-COMMON KEY,0.0,0.0,0.0,0.0
675,GODREJ-DURA PAD LOCK-70MM-8349,0.0,0.0,0.0,0.0
676,GODREJ-DURA PAD LOCK-90MM-8228-COMMON KEY,0.0,0.0,0.0,0.0
677,GODREJ-DURA PAD LOCK-90MM-8350,0.0,0.0,0.0,0.0
678,GODREJ-LOCK BODY-8189-24CM-EUROPROFILE-A/B,0.0,0.0,0.0,0.0
679,GODREJ-MY LOCK-CANDY-6666,0.0,1.0,-1.0,999999999.9999999
680,GODREJ-NAVTAL-ULTRA XL+ (5100)-3 TON,0.0,0.0,0.0,0.0
681,GODREJ-PAD LOCK-5 LEVER-NAVTAL-3277-3 KEYS,0.0,0.0,0.0,0.0
682,GODREJ-RIM LOCK-5305-TRI BOLT-ULCT-S/N,0.0,0.0,0.0,0.0
683,GODREJ-RIM LOCK- 6087-ULTRA XL+TRIBOLT INSIDE OP.,0.0,0.0,0.0,0.0
684,GODREJ-RIM LOCK-8127-ULTRA TRIBOLT-INSIDE-S/N,0.0,0.0,0.0,0.0
685,GODREJ-RIM LOCK-8129-ULTRA TRIBOLT-OUTSIDE-S/N,0.0,0.0,0.0,0.0
686,GODREJ-ROUND PAD LOCK-40MM--8147,0.0,0.0,0.0,0.0
687,GODREJ-ROUND PAD LOCK-67MM-8149,0.0,0.0,0.0,0.0
688,GODREJ SAFE NX PRO DIGI GREY EL - XL MODEL 30 LTR,-1.0,0.0,-1.0,-0.0
689,GODREJ SAFE NXPRO DIGI IVORY (M) ELMODEL 15 LTRDIGI,-1.0,0.0,-1.0,-0.0
690,GODREJ SAFE NX PRO IVORY MODEL 15L KL-M,-1.0,0.0,-1.0,-0.0
691,GODREJ-TRI SHAFT LATCH-5120-BRASS/ANT.,0.0,0.0,0.0,0.0
692,GODREJ-ULTRA VERTIBOLT-ANT. BRASS-BLISTER-6401,0.0,0.0,0.0,0.0
693,GUTKI-70MM CYLINDER (CY.LOCK),0.0,0.0,0.0,0.0
694,HETTICH CYLINDRICAL LOCK WITH KEY,0.0,1.0,-1.0,999999999.9999999
695,HETTICH CYLINDRICAL LOCK W/O KEY,0.0,0.0,0.0,0.0
696,HOOK POPAT LOCK-C-024,0.0,0.0,0.0,0.0
697,KEM-LATCH-ULTRA-TRIBOLT-3040SS-LOCK,0.0,0.0,0.0,0.0
698,KEY HOLE-ROUND-MT,0.0,0.0,0.0,0.0
699,KHAKI-LOCK BODY-60X85-SS,0.0,0.0,0.0,0.0
700,MYTO-MORTSE DEAD & SLIDING LOCK L-03,0.0,0.0,0.0,0.0
701,OGDL1-GG=OPENABLE GL DOOR LOCK-GLASS-GLASS SS 304,0.0,0.0,0.0,0.0
702,POPAT SLIDING LOCK,0.0,-1.0,1.0,-999999999.9999999
703,P-TCLW-PRL (TOUCHPAD COMBINATION LPCK WOOD LEFT),0.0,0.0,0.0,0.0
704,QUBA - M.D. LOCK TRIDENT Q-238-SS,0.0,0.0,0.0,0.0
705,QUBA - M.D. LOCK TRIDENT Q-240-SS,0.0,0.0,0.0,0.0
706,RAJVANSHI-D.LOCK-20MM-SIMPLE,0.0,1.0,-1.0,999999999.9999999
707,RAMSON-CUP.LOCK-WAVE KEY-25MM,0.0,0.0,0.0,0.0
708,RAMSON-CUTE-D.LOCK-DIMPLE ULTRA KEY-19MM,0.0,0.0,0.0,0.0
709,RAMSON-ZIM-LATCH RIM-5 KEYS-LOCK,0.0,0.0,0.0,0.0
710,SLDL-W1-PL-SWING DOOR LOCK WOOD NICKEL,0.0,2.0,-2.0,1999999999.9999998
711,TAIWAN-STEEL MORTISE LOCK-B-86-50MM-(100X85),0.0,-2.0,2.0,-1999999999.9999998
712,TITAN-LOCK BODY+CYLINDER-COMBO-70MM-(85X45),0.0,0.0,0.0,0.0
713,YALE J 20 LOCK (DISPLAY BOARD),0.0,0.0,0.0,0.0
714,A&D-DOOR STOPPER-MAGNET-PVC,0.0,0.0,0.0,0.0
715,ALICO-MAGNET NO.2-PVC,0.0,0.0,0.0,0.0
716,ALICO-MAGNET-NO.3-PVC,0.0,0.0,0.0,0.0
717,"BELL-DOOR HOLDER MAGNET-SS-3""",0.0,3.0,-3.0,3000000000.0
718,"BLANDOX - MAGNET DOOR STOPPER - MATT - 4""",0.0,2.0,-2.0,1999999999.9999998
719,"CHINA-DOOR HOLDER MAGNET-SS-4""",0.0,0.0,0.0,0.0
720,DEN-MAGNET NO-2 PVC,0.0,0.0,0.0,0.0
721,DOOR MAGNET-HEAVY-ANT./BR.,0.0,0.0,0.0,0.0
722,ECO-PUSH MAGNET STOPPER-FIX-SS,0.0,2.0,-2.0,1999999999.9999998
723,"ETIOS-DOOR HOLDER MAGNET-SS-4""",0.0,0.0,0.0,0.0
724,HYLIS-PUSH MAGNET CATCH-PVC,0.0,8.0,-8.0,7999999999.999999
725,LAXMIPLUS-DOOR STOPPER MAGNET-PVC-SPLX-5,0.0,0.0,0.0,0.0
726,M6 DOOR CATCHAR-BVM,0.0,0.0,0.0,0.0
727,MAGNET - PATTI - SS,0.0,0.0,0.0,0.0
728,MILL-MAGNET NO.3-PVC,0.0,0.0,0.0,0.0
729,PARSHVAGURU MAGNET DOOR STOPPER M 5,0.0,0.0,0.0,0.0
730,PRAJVAL-PUSH MAGNET CATCH-SS,0.0,0.0,0.0,0.0
731,SHANTI-MAGNET NO-2 SS,0.0,0.0,0.0,0.0
732,SHANTI-MAGNET NO.3-SS,0.0,0.0,0.0,0.0
733,SHANTI- MAGNET NO. 7- BROWN & IVORY,0.0,60.0,-60.0,60000000000.0
734,SHREEJI - MAGNET NO. 2,0.0,0.0,0.0,0.0
735,SHREEJI-MAGNET NO.3-PVC,350.0,218.0,132.0,0.6228571428553633
736,TULIPAN MAGNET SS NO. 2,0.0,0.0,0.0,0.0
737,"ZABID-DOOR HOLDER MAGNET-SS-4""",0.0,0.0,0.0,0.0
738,AAYUSHI SS SOFA LEG 50MM,34.0,34.0,0.0,0.9999999999705883
739,"B.L.-SOFA LEG-3""-50MM-MT-SQ.",0.0,0.0,0.0,0.0
740,"DANIS-SOFA LEG-3""-ROUND-45MM",0.0,0.0,0.0,0.0
741,DANIS - SOFA LEG-32-65MM-SS MATT 4'',20.0,23.0,-3.0,1.1499999999425
742,"DANIS-SOFA LEG-F-01-45MM-MATT-3""",0.0,0.0,0.0,0.0
743,"DANIS-SOFA LEG-F-01-45MM-ROUND-MATT-4""",0.0,4.0,-4.0,3999999999.9999995
744,"DANIS-SOFA LEG-F-01-45MM-ROUND-MATT-6""",0.0,0.0,0.0,0.0
745,"DANIS-SOFA LEG-F-12-45MM-LINING-3""",0.0,0.0,0.0,0.0
746,"DANIS-SOFA LEG-F-12-45MM-LINING-4""",0.0,0.0,0.0,0.0
747,"DANIS-SOFA LEG-F-12-45MM-ROUND-LINING-6""",0.0,0.0,0.0,0.0
748,"DANIS-SOFA LEG-F-22A-65MM-ROUND-CD CUT-6""",0.0,0.0,0.0,0.0
749,"DANIS-SOFA LEG-F-23-32MM-SQ.-3""",0.0,0.0,0.0,0.0
750,"DANIS-SOFA LEG-F-23-32MM-SQ. MATT-4""",0.0,0.0,0.0,0.0
751,"DANIS-SOFA LEG-F-23-32-SQ.-MATT-6""",0.0,0.0,0.0,0.0
752,"DANIS-SOFA LEG-F-27-50MM-SQ.-MATT-3""",0.0,0.0,0.0,0.0
753,"DANIS-SOFA LEG-F-27-50MM-SQ.MATT-6""",0.0,3.0,-3.0,3000000000.0
754,"DANIS-SOFA LEG-ROUND-GLOSSY-4""",0.0,0.0,0.0,0.0
755,"SHANTI-SAAVY-SOFA LEG-SF 102-45MM-ROUND-3""-CP",0.0,4.0,-4.0,3999999999.9999995
756,"SHANTI-SOFA LEG-SF-106-65MM-ROUND-LINING-3""",0.0,0.0,0.0,0.0
757,"SHANTI-SOFA LEG-SF-106-65MM-ROUND-LINING-4""",0.0,0.0,0.0,0.0
758,SHANTI-SOFA-LEG-SF-114-45MM-ROUND-GLOSSY,0.0,0.0,0.0,0.0
759,"SHANTI-SOFA LEG-SF-114-50MM-ROUND-GLOSSY-3""-SAVVY",0.0,0.0,0.0,0.0
760,"SHANTI-SOFA LEG-SF-114-50MM-ROUND-GLOSSY-4""",0.0,0.0,0.0,0.0
761,"SHANTI-SOFA LEG-SF-115-65MM-ROUND-GLOSSY-3""-SAVVY",0.0,3.0,-3.0,3000000000.0
762,"SHANTI-SOFA LEG-SF-115-65MM-ROUND-GLOSSY-4""SAVVY",0.0,0.0,0.0,0.0
763,"SOFA LEG-3""-SQUARE-80MM-HY.",0.0,0.0,0.0,0.0
764,"SOFA LEG-4""-SQUARE-80MM",0.0,0.0,0.0,0.0
765,"SOFA LEG-SF103-3""",0.0,0.0,0.0,0.0
766,"SOFA LEG-SF103-4""",0.0,0.0,0.0,0.0
767,"6"" BRASS MATKA TOWER BOLT",1.0,2.0,-1.0,1.9999999979999998
768,DENIM S S MATKA TOWER BOLT 12'',0.0,0.0,0.0,0.0
769,"DENIM- TOWER BOLT- MATKA- 8""- BEASS",1.0,0.0,1.0,0.0
770,"ECO-TOWER BOLT-BRASS-8""X1/2",0.0,0.0,0.0,0.0
771,"ECO-TOWER BOLT-BRASS-NECK-8""X1/2",0.0,0.0,0.0,0.0
772,"ECO-TOWER BOLT-CP-6""",0.0,0.0,0.0,0.0
773,"ECO-TOWER BOLT-CP-8""",0.0,0.0,0.0,0.0
774,"ECO-TOWER BOLT-NECK-4""-BRASS",0.0,0.0,0.0,0.0
775,"ECO-TOWER BOLT-NECK-BRASS-6""",0.0,0.0,0.0,0.0
776,"FLORA-PUSH TOWER BOLT-10""-MATT",0.0,0.0,0.0,0.0
777,G STAR S.S  L TOWER BOLT 6'',0.0,8.0,-8.0,7999999999.999999
778,G STAR S.S TOWER BOLT 4'',0.0,20.0,-20.0,20000000000.0
779,G STAR S.S TOWER BOLT 6'',0.0,3.0,-3.0,3000000000.0
780,G STAR S.S TOWER BOLT 8'',0.0,2.0,-2.0,1999999999.9999998
781,"HEERA-BABY LATCH-4""-MATT",0.0,0.0,0.0,0.0
782,"MILL.-BABY LATCH-ALUM.-SQ.-4""",0.0,0.0,0.0,0.0
783,"MILL.-T.BOLT-ALUM-MT-10""-12MM-SYLO",0.0,0.0,0.0,0.0
784,"MILL.-TOWER BOLT-ALUM.-12""-MATT-12MM",0.0,0.0,0.0,0.0
785,"MILL.-TOWER BOLT-ALUM.-6""x12-MATT",0.0,0.0,0.0,0.0
786,"MILL.-TOWER BOLT-ALUM.-8""-MATT",0.0,0.0,0.0,0.0
787,"MILL.-TOWER BOLT-ALUM.-ANT.-12""",0.0,1.0,-1.0,999999999.9999999
788,"MILL.-TOWER BOLT-ALUM.-ANT.-6""-SQ.",0.0,0.0,0.0,0.0
789,"MILL.-TOWER BOLT-ALUM.-ANT.-8""-12MM",0.0,0.0,0.0,0.0
790,"MILL.-TOWER BOLT-ALUM.-MT.-10""-12MM",0.0,0.0,0.0,0.0
791,"MILL.-TOWER BOLT-ALUM.-MT.-4""-12MM",0.0,2.0,-2.0,1999999999.9999998
792,"MILL.-TOWER BOLT-STEEL-10""-SQ.-MATT",0.0,0.0,0.0,0.0
793,"MILL.-TOWER BOLT-STEEL-12""-SQ-STEEL",0.0,9.0,-9.0,9000000000.0
794,"MILL.-TOWER BOLT-STEEL--4""-SQ.-MATT",0.0,22.0,-22.0,22000000000.0
795,"MILL.-TOWER BOLT-STEEL-6""-MATT",0.0,0.0,0.0,0.0
796,"MILL.-TOWER BOLT-STEEL-8""-SQ.-MATT",0.0,0.0,0.0,0.0
797,"MILL.-TOWER BOLT-STEEL-MARBLE-4""-MATT",0.0,0.0,0.0,0.0
798,"MILL.-TOWER BOLT-STEEL-MARBLE-6""-MATT",0.0,0.0,0.0,0.0
799,"MILL.-TOWER BOLT-STEEL-MARBLE-8""-SQ.MATT",0.0,0.0,0.0,0.0
800,"Namya-Kent-Push Tower Bolt-2""-SS",15.0,0.0,15.0,0.0
801,"NAMYA-T.BOLT-MARBLE-BRASS-12""",0.0,1.0,-1.0,999999999.9999999
802,"NAMYA-TOWER BOLT-8""-BRASS-SS",0.0,2.0,-2.0,1999999999.9999998
803,"NAMYA-TOWER BOLT-MARBLE-6""-BRASS",0.0,1.0,-1.0,999999999.9999999
804,"NAMYA-TOWER BOLT-MATKA-12"" BRASS",0.0,0.0,0.0,0.0
805,"PRAJVAL-T.BOLT-MARBLE-BRASS-12""",0.0,0.0,0.0,0.0
806,"REENA-TOWER BOLT-3""-SS-7MM",0.0,0.0,0.0,0.0
807,"SHANTI-TOWER BOLT-MARBLE-4""",0.0,0.0,0.0,0.0
808,"SHANTI-TOWER BOLT-MARBLE-6""",0.0,0.0,0.0,0.0
809,"STAR-BABY LATCH-ZEN-3""",0.0,0.0,0.0,0.0
810,"STAR-BABY LATCH-ZEN-4""",0.0,0.0,0.0,0.0
811,"STAR-TOWER BOLT-CAPSUAL-3""-SS",0.0,2.0,-2.0,1999999999.9999998
812,"STAR-TOWER BOLT-CAPSULE-4""-SS",0.0,-2.0,2.0,-1999999999.9999998
813,"STAR-TOWER BOLT-CAPSULE.-6""SS",0.0,1.0,-1.0,999999999.9999999
814,"STAR-TOWER BOLT-ROYAL-4""-SS",0.0,2.0,-2.0,1999999999.9999998
815,"STAR-TOWER BOLT-ROYAL.-6""-SS",0.0,1.0,-1.0,999999999.9999999
816,"TOWER BOLT-CENTRE-3""",0.0,1.0,-1.0,999999999.9999999
817,Black Bull Ply Commercial 1263,1440.0,522.0,918.0,0.36249999999974825
818,Black Bull Ply Commercial 1264,1872.0,528.0,1344.0,0.2820512820511314
819,Black Bull Ply Commercial 1274,9072.0,6132.0,2940.0,0.6759259259258514
820,Black Bull Ply Commercial 1284,5340.0,2908.0,2432.0,0.5445692883894111
821,Black Bull Ply Commercial 1684,33536.0,21600.0,11936.0,0.6440839694656297
822,Black Bull Ply Commercial 1863,1368.0,288.0,1080.0,0.2105263157893198
823,Black Bull Ply Commercial 1864,3064.0,864.0,2200.0,0.28198433420356334
824,Black Bull Ply Commercial 1884,16480.0,11296.0,5184.0,0.6854368932038419
825,Black Bull Ply Commercial 664,24.0,24.0,0.0,0.9999999999583333
826,Black Bull Ply Commercial 6 7x4,28.0,28.0,0.0,0.9999999999642857
827,Black Bull Ply Commerecial 1874,2492.0,1736.0,756.0,0.6966292134828665
828,Black Bull Ply New Commercial 1284,81.0,80.0,1.0,0.987654320975461
829,Black Bull Ply New Commercial 1684,400.0,33.0,367.0,0.08249999999979375
830,Black Bull Ply New Commercial 1884,215.0,129.0,86.0,0.5999999999972093
831,BWR ULTRA  B/B 19 - 7X4,140.0,112.0,28.0,0.7999999999942857
832,BWR ULTRA POPULAR B/B 19 - 7X4,24.0,0.0,24.0,0.0
833,BWR ULTRA POPULAR B/B 19 - 8X4,192.0,0.0,192.0,0.0
834,COLORSPLY 710 BWP GOLD 12-7X4,0.0,0.0,0.0,0.0
835,COLORSPLY 710 BWP GOLD 12-8X4,201.0,149.0,52.0,0.7412935323346205
836,COLORSPLY 710 BWP GOLD 19-7X4,3.0,0.0,3.0,0.0
837,COLORSPLY 710 BWP GOLD 19-8X4,581.0,370.0,211.0,0.6368330464705046
838,COLORSPLY 710 BWP GOLD 6-7X4,2.0,2.0,0.0,0.9999999995
839,COLORSPLY 710 BWP GOLD 6-8X4,9.0,9.0,0.0,0.9999999998888889
840,COLORSPLY 710 BWP GOLD 9-7X4,20.0,20.0,0.0,0.99999999995
841,COLORSPLY 710 BWP GOLD 9-8X4,8.0,2.0,6.0,0.24999999996875
842,COLORSPLY BWR BB 19-8X4,10.0,0.0,10.0,0.0
843,COLORSPLY BWR ECO 8 - 8X4,98.0,0.0,98.0,0.0
844,COLORSPLY BWR GOLD 12-7X4,804.0,341.0,463.0,0.4241293532333033
845,COLORSPLY BWR GOLD 12-8X4,1925.0,740.0,1185.0,0.3844155844153847
846,COLORSPLY BWR GOLD 16-7X4,0.0,0.0,0.0,0.0
847,COLORSPLY BWR GOLD 16-8X4,4.0,0.0,4.0,0.0
848,COLORSPLY BWR GOLD 18-7X4,1120.0,479.0,641.0,0.4276785714281896
849,COLORSPLY BWR GOLD 18-8X4,6264.0,2626.0,3638.0,0.4192209450829471
850,COLORSPLY BWR GOLD 6-7X4,37.0,13.0,24.0,0.3513513513418554
851,COLORSPLY BWR GOLD 6-8X4,296.0,90.0,206.0,0.3040540540530269
852,COLORSPLY BWR GOLD 8-7X4,45.0,17.0,28.0,0.37777777776938276
853,COLORSPLY BWR GOLD 8-8X4,368.0,134.0,234.0,0.3641304347816192
854,COLORSPLY BWR OLD ULTRA 1274,25.0,24.0,1.0,0.9599999999616
855,COLORSPLY BWR OLD ULTRA  12 MM 8X4,3.0,3.0,0.0,0.9999999996666666
856,COLORSPLY BWR OLD ULTRA 684,10.0,10.0,0.0,0.9999999999
857,COLORSPLY BWR OLD ULTRA 874,5.0,0.0,5.0,0.0
858,COLORSPLY BWR OLD ULTRA 884,5.0,0.0,5.0,0.0
859,COLORSPLY BWR ULTRA 12-7X4,215.0,95.0,120.0,0.44186046511422394
860,COLORSPLY BWR ULTRA 12-8X4,486.0,174.0,312.0,0.35802469135728804
861,COLORSPLY BWR ULTRA 18-7X4,301.0,165.0,136.0,0.5481727574732619
862,COLORSPLY BWR  ULTRA  - 18 8X4,2038.0,896.0,1142.0,0.4396467124629835
863,COLORSPLY BWR ULTRA 6-7X4,14.0,9.0,5.0,0.6428571428112245
864,COLORSPLY BWR ULTRA 6-8X4,103.0,46.0,57.0,0.44660194174323686
865,COLORSPLY BWR ULTRA 8-7X4,72.0,16.0,56.0,0.2222222222191358
866,COLORSPLY BWR ULTRA 8 -8X4,135.0,110.0,25.0,0.8148148148087793
867,Colorsply Centring Ply 1284,32.0,0.0,32.0,0.0
868,COLORSPLY COLORS WOOD 1274,5.0,5.0,0.0,0.9999999998
869,COLORSPLY COLORWOOD 12MM 7X4,34.0,34.0,0.0,0.9999999999705883
870,COLORSPLY MR PINE BB 19-7X3,110.0,16.0,94.0,0.14545454545322314
871,COLORSPLY MR PINE BB 19-7X4,152.0,51.0,101.0,0.33552631578726627
872,COLORSPLY MR PINE BB 19-8X4,349.0,220.0,129.0,0.63037249283487
873,COLORSPLY MR PINE BB 25-7X3,107.0,17.0,90.0,0.15887850467141235
874,COLORSPLY MR PINE BB 25-7X4,274.0,117.0,157.0,0.4270072992685146
875,COLORSPLY MR PINE BB 25-8X4,471.0,168.0,303.0,0.35668789808841467
876,COLORSPLY OLD DX DOLPHINE 8MM 7X4,2.0,2.0,0.0,0.9999999995
877,COLORSPLY OLD DX DOLPHINE 8MM 8X4,5.0,5.0,0.0,0.9999999998
878,COLORSPLY OLD SUPREEN GOLD 6MM 7X4,1.0,1.0,0.0,0.9999999989999999
879,COLORSPLY OLD SUPREEN GOLD 8MM 7X4,4.0,4.0,0.0,0.99999999975
880,COLORSPLY W BWR SILVER -  12MM 7X4,50.0,15.0,35.0,0.299999999994
881,COLORSPLY W BWR SILVER -  12MM 8X4,236.0,150.0,86.0,0.6355932203362898
882,COLORSPLY W BWR SILVER -  18MM 7X4,97.0,21.0,76.0,0.21649484535859284
883,COLORSPLY W BWR SILVER -  18MM 8X4,390.0,65.0,325.0,0.16666666666623933
884,COLORSPLY W BWR SILVER -  6MM 8X4,40.0,0.0,40.0,0.0
885,COLORSPLY W BWR SILVER - 8MM 8X4,40.0,14.0,26.0,0.34999999999125003
886,COLORSPLY W NEW BWR ULTRA -  12MM 7X4,49.0,30.0,19.0,0.6122448979466889
887,COLORSPLY W NEW BWR ULTRA -  12MM 8X4,47.0,47.0,0.0,0.9999999999787235
888,COLORSPLY W NEW BWR ULTRA -  18MM 8X4,453.0,119.0,334.0,0.2626931567323119
889,ACRYLIC ALBUSTOR SHEET-6X4-(8501 TO 8507),0.0,0.0,0.0,0.0
890,ACRYLIC SHEET 2MM-(8X4) WHITE 040,0.0,0.0,0.0,0.0
891,ACTION TESA WOODEN FLOORING AT-3-LF-8MM -3058 OC,0.0,0.0,0.0,0.0
892,ACTION TESA WOODEN FLOORING AT-3-LF-8MM-3068 HO,0.0,0.0,0.0,0.0
893,ALBUSTER - ACRYLIC RESIN PANEL,0.0,0.0,0.0,0.0
894,CEN-HDMR-MDF-BSL-8-8X4,0.0,0.0,0.0,0.0
895,CHARCOAL,0.0,0.0,0.0,0.0
896,CHARCOAL- INFINI- 4022- 8X2,0.0,0.0,0.0,0.0
897,CHARCOAL INTERIOR PATTI,0.0,0.0,0.0,0.0
898,CHARCOAL SHEETS,0.0,0.0,0.0,0.0
899,CORIAN SHEETS,0.0,1.0,-1.0,999999999.9999999
900,CRYSTAL ACRYLIC CS 222 8X4,0.0,0.0,0.0,0.0
901,CRYSTAL ACRYLIC CS 227 8X4,0.0,0.0,0.0,0.0
902,DECORATIVE,0.0,0.0,0.0,0.0
903,DECORATIVE SHEET,0.0,0.0,0.0,0.0
904,GLO-906-12MM-MDF BOARD,0.0,0.0,0.0,0.0
905,GLO-DECO. MDF-WAVE BB-555-5-8X4,0.0,0.0,0.0,0.0
906,GLO-DECO. MDF-WAVE BB-MIX DES.-12-8X4,0.0,0.0,0.0,0.0
907,GLO-DECO. MDF-WAVE BB-MIX DES.-4-8X4,0.0,0.0,0.0,0.0
908,GLO-RED BRICK-3MM-8X4,0.0,0.0,0.0,0.0
909,MD-CHARCOAL-S-60-8X2,0.0,0.0,0.0,0.0
910,PLASTIC LED EILING TILE,0.0,0.0,0.0,0.0
911,PU COATED DECORATIVE PANEL,0.0,0.0,0.0,0.0
912,VENEER - COLORSLAM,0.0,0.0,0.0,0.0
913,WP FOLDER-BELLA,0.0,96.0,-96.0,96000000000.0
914,WP FOLDER-MARVELLOUS,0.0,0.0,0.0,0.0
915,WP FOLDER - METAL COLLECTION,0.0,0.0,0.0,0.0
916,WP FOLDER-STUPENDOUS,0.0,0.0,0.0,0.0
917,WP FOLDER-SUPERB,0.0,0.0,0.0,0.0
918,WP FOLDER-SUPREME,0.0,0.0,0.0,0.0
919,WP FOLDER-UNIQUE WALLS,0.0,0.0,0.0,0.0
