Name ,Outwards Qty,Inwards Qty
BLUECOAT - WP1 - 1 KG,9.0,0.0
Bluefix Epoxy Adhesive Tez (180gm),1.0,0.0
BONDTITE-FAST & CLEAR-13GM,1.0,0.0
ASTRON-ALDROP-3MM-SS,14.0,20.0
SHANTI-ALDROP-20-20-3MM-14X10-SS,12.0,0.0
"SUZON-ALDROP-FANCY-10""-SS",2.0,0.0
BED FITTING,25.0,26.0
EBCO-BED FITTING-2.5FT,2.0,0.0
PLBF-EF-E (AT) BED LIFT FITTING EASY CP 5 FT.,7.0,8.0
BUFFER,90.0,0.0
"BUFFER-PVC-1""",8.0,0.0
"BUFFER-PVC-3/4""",4.0,0.0
"DEVANSH-BUFFER-PVC-12MM-(1/2"")-WHITE",78.0,0.0
CABLE MANAGER,9.0,0.0
CHAIN,70.0,0.0
ASSURE-DOOR CHAIN-SEQURITY CHAIN,1.0,0.0
"SHANTI-TABLE CHAIN-HY 6""",24.0,0.0
"SHANTI-T.CHAIN-10""-SS",-1.0,0.0
"SHANTI-T.CHAIN-8""-SS",46.0,0.0
DOOR CLOSER,2.0,4.0
DOOR EYE VIEWER,1.0,0.0
"DOOR EYE VIEWER-2""HEXAGON",1.0,0.0
DOOR KIT,0.0,10.0
SHANTI-DOOR KIT-3MM-LEHAR,1.0,0.0
SHANTI-SPL-DOOR KIT-20-20-3MM,2.0,0.0
DOOR STOPER,4.0,0.0
"FLORA - DOOR STOPPER - FLA - 5""",1.0,0.0
"FLORA - PRINCE DOOR STOPPER - FLA - 6""",3.0,0.0
FASNER,4.94,10.0
FASNER-12MM-PLY JOINT PIN,4.69,10.0
FASNER -19 MM - PLY JOINT PIN,0.25,0.0
GAS PUMP,41.0,23.0
"ALICO-GAS PUMP-35KG-12""",-1.0,0.0
EBCO GAS PUMP HEAVY DUTY 25 KG,4.0,0.0
EBCO-GAS PUMP PLBF-120KG,3.0,0.0
EBCO-GAS PUMP-PLBF-150KG,15.0,13.0
EBCO-GAS PUMP-PLBF-200KG,2.0,0.0
"EBCO-GAS PUMP-PLC-10-10KG-9""",7.0,0.0
EBCO-GAS PUMP-PLC-15-15KG,2.0,0.0
"EBCO-GAS PUMP-PLC-20-20KG-9""",4.0,5.0
GRILL,1.0,0.0
HANDLE,219.0,61.0
HANGER,18.0,1.0
Auto Hinges Heavy Soft Close Full,25.0,50.0
CHERRY-AUTO HINGES-HALF OVERLAY-REGULAR,27.0,0.0
DENIM-BUTT HINGES-4X3/4X1-SS-BRASS,24.0,20.0
DENIM/ECO-BUTT HINGES-3X1/2X3/4-SS-BRASS,9.0,36.0
DENIM/ECO-BUTT HINGES-3X3/4X3/4-SS-BRASS,6.0,0.0
DENIM/ECO-BUTT HINGES-4X1/2X3/4-SS-BRASS,30.0,36.0
DENIM/ECO-BUTT HINGES-4X1X1-SS-BRASS,-3.0,0.0
DENIM/ECO-BUTT HINGES-4X3/4X3/4-SS-BRASS,58.0,18.0
DENIM/ECO-BUTT HINGES-4X3/8X5/8-SS-BRASS,10.0,0.0
DENIM/ECO-L-HINGES-3X1/2X12MM-SS-BRASS,10.0,0.0
DENIM/ECO-L-HINGES-3X1/2X19MM-SS-BRASS,31.0,0.0
DENIM/ECO-L-HINGES-3X1/2X6MM-SS-BRASS,14.0,8.0
DENIM/ECO-L-HINGES-3X3/4X12MM-SS-BRASS,10.0,0.0
DENIM/ECO-L-HINGES-3X3/4X19MM-SS-BRASS,18.0,24.0
DENIM/ECO-L-HINGES-3X3/8X12MM-SS-BRASS,0.0,18.0
DENIM/ECO-L-HINGES-3X3/8X19MM-SS-BRASS,0.0,36.0
DENIM/ECO-L-HINGES-3X3/8X6MM-SS-BRASS,0.0,24.0
DENIM/ECO-L-HINGES-4X1/2X12MM-SS-BRASS,153.0,84.0
DENIM/ECO-L-HINGES-4X1/2X19MM-SS-BRASS,112.0,108.0
DENIM/ECO-L-HINGES-4X3/4X12MM-SS-BRASS,66.0,60.0
DENIM/ECO-L-HINGES-4X3/4X19MM-SS-BRASS,66.0,115.0
DENIM/ECO-L-HINGES-4X3/4X6MM-SS-BRASS,13.0,0.0
DENIM/ECO-L-HINGES-4X3/8X19MM-SS-BRASS,3.0,0.0
DENIM/ECO-Z-HINGES-3X1/2-SS-BRASS,2.0,0.0
DENIM/ECO-Z-HINGES-4X3/4-SS-BRASS,2.0,0.0
DENIM-L-HINGES-3X1/2X12MM-STEEL,16.0,0.0
DENIM-L-HINGES-3X1/2X19MM-STEEL,14.0,0.0
DENIM-L-HINGES-3X1/2X6MM-STEEL,4.0,0.0
DENIM-OVERLAY DUG HINGES-3X19X25 HALF,2.0,0.0
DENIM-OVERLAY DUG HINGES-4X19X25 HALF,6.0,0.0
DENIM-OVERLAY DUG HINGES-4X25X25 FULL,3.0,0.0
ECO-W-HINGES-SQ.-1.1/2X1/2X12MM-SS-BRASS,6.0,0.0
ECO-W-HINGES-SQ.-2X1/2X12MM-SS-BRASS,3.0,0.0
FASCO GOLD-CONCILD HINGES-4X10-CP-STEEL,29.0,0.0
GODREJ SOFT CLOSE AUTO  HINGES OVERLAY - HALF,61.0,90.0
GREEN-BUTT HINGES-4X3/4X1-SS-BRASS,1.0,0.0
GUL.-L-HINGES-4X3/8X12MM-SS-BRASS-PR.,6.0,0.0
GUL.-L-HINGES-4X3/8X6MM-SS-BRASS-PR.,7.0,0.0
GUL.-RLY.SMU.HINGES-4X1.1/4X3/16-SS-BRASS,2.0,0.0
KADAM-BUTT HINGES-3X1/2X3/4-STEEL,7.0,0.0
KADAM-BUTT HINGES-4X1/2X3/4-STEEL-CP,8.0,0.0
KADAM DOOR HINGES 5X12 STEEL,16.0,8.0
KEN SS HINGES  4 X12,139.0,152.0
KEN SS HINGES 5X12,0.0,20.0
KUBERGOLD-W-HINGES-4X38X19-BRASS,-4.0,0.0
KUBER-W-HINGES-4X3/8X12MM BRASS,-1.0,0.0
MAQUEEN-L-HINGES-4X3/8X12MM-SS-BRASS-PR.,2.0,0.0
Maruti Duck Hinges 4x25x25 Full,0.0,2.0
MARUTI DUG HINGES 4X19X19 HALF OVERLAY,42.0,90.0
MARUTI DUG HINGES - 4X19X25 FULL,34.0,30.0
MARUTI DUG HINGES 4X19X25 HALF OVERLAY,17.0,22.0
MARUTI - DUG HINGES - 4X25X19-FULL OVERLAY,175.0,132.0
MARUTI DUG HINGES - 4X25X19 HALF OVER,68.0,66.0
MARUTI-L+W-PR.-HINGES-4x1/2x12MM-SS-BRASS,40.0,0.0
MARUTI-L+W-PR.-HINGES-4x1/2x19MM-SS-BRASS,25.0,12.0
MARUTI-L+W-PR.-HINGES-4x1/2x6MM-SS-BRASS,28.0,48.0
MARUTI-L+W-PR.-HINGES-4x3/4x12MM-SS-BRASS,24.0,24.0
MARUTI-L+W-PR.-HINGES-4x3/4x19MM-SS-BRASS,24.0,36.0
MARUTI-L+W-PR.-HINGES-4x3/4x6MM-SS-BRASS,42.0,48.0
Maruti Overlay Dug Hinges 3x19x19 Full,38.0,12.0
MARUTI OVERLAY DUG HINGES 3X19X19 HALF OVERLAY BR,20.0,12.0
Maruti Overlay Dug Hinges 4x19x19 Full,160.0,276.0
MARUTI-PR. RAILWAY HINGES-5X1.1/2X3/16-SS-BRASS,16.0,24.0
MARUTI-PR.RAILWAY HINGES-5X1.1/4X5/32-SS-BRASS,184.0,159.0
MARUTI-PR.RLY.HINGES-5X1.1/2X5/32-BRASS,41.0,25.0
MILL.-CONCILD DOOR HINGES-5X1.1/2X3/16-STEEL,2.0,0.0
MILL.-CONCILD-DOOR HINGES-PIN-5X3X3-STEEL,2.0,0.0
MILL.-L-HINGES-3X3/4X19MM (75X19X19)-STEEL,2.0,0.0
MILL.-L-HINGES-3X3/4X6MM (75X19X19)-STEEL,7.0,0.0
SHANTI-CUFY-AUTO HINGES-SOFT CLOSE-FULL OVERLAY,5.0,0.0
SKS PRIME HINGES 5X10X1/1.4,129.0,86.0
SPAN DOOR CONC. HINGES SS PR. 4X12,8.0,0.0
STAR-BUTT HINGES-3X3/4X3/4-SS-BRASS,1.0,0.0
STAR-BUTT HINGES-4X3/8X5/8-SS-BRASS,2.0,0.0
STAR-PR.RLY.HINGES-6X1.1/4X3/16-SS-BRASS,1.0,0.0
SUNSHINE AUTO HINGES FULL,74.0,65.0
SUNSHINE AUTO HINGES HALF OVERLAY,23.0,0.0
KNOB,3.0,0.0
KNOB-KN 1010 CHEX,3.0,0.0
L-BUTTON/SHELF BUTTON,1471.0,1746.0
ROTOMAX - SHELF BUTTON - SS - D. SCREW,1463.0,1446.0
SHANTI-L-BAT-S.SCREW-HEAVY-SS,8.0,300.0
L-PATTI,310.0,0.0
L-PATTI-1X1-SS,310.0,0.0
MAGNET,293.0,350.0
"BELL-DOOR HOLDER MAGNET-SS-3""",3.0,0.0
"BLANDOX - MAGNET DOOR STOPPER - MATT - 4""",2.0,0.0
ECO-PUSH MAGNET STOPPER-FIX-SS,2.0,0.0
HYLIS-PUSH MAGNET CATCH-PVC,8.0,0.0
SHANTI- MAGNET NO. 7- BROWN & IVORY,60.0,0.0
SHREEJI-MAGNET NO.3-PVC,218.0,350.0
MIRROR CAP / DUBBI,36.0,0.0
"MIRROR CAP-CRYSTAL-(25mm) -1""",6.0,0.0
SWISS-MIRROR DUBBI-PLAIN-6MM FULL-BRASS,30.0,0.0
NAILS,621.15,735.1
NAILS - 12X2,52.65,51.1
NAILS - 14x1,2.0,0.5
NAILS - 14x1.1/2,81.75,112.5
NAILS - 14x1.1/4,172.2,200.0
NAILS - 14x1.3/4,55.7,70.0
NAILS - 14x2,82.25,97.5
NAILS - 17X1.1/4,19.35,22.0
NAILS - 17x1 HL,87.15,117.5
NAILS - 17x3/4,5.93,1.5
NAILS - 19X1,33.82,47.5
NAILS - 19X3/4,28.35,15.0
NUT BOLT,474.0,320.0
BED FITTING NUT BOLT,16.0,20.0
CAPRI-CARRIAGE BOLT-6X50,398.0,300.0
"LION-ROOFING BOLT-2""-MS-6X50",60.0,0.0
HUNGER PIPE SS 1'' HEVY,91.6,0.0
PIPE-OVAL-CP,4.0,0.0
"PIPE -SS- 3/4""",8.0,0.0
RAWAL PLUG,181.0,160.0
NARAYANI WALL PLUG 25 MM,67.0,50.0
NARAYANI WALL PLUG 32 MM,114.0,110.0
SCREW,277595.0,160499.0
DOLPHINE -M/C.SCREW-3/16X0.75 WW,15.0,0.0
DOLPHINE -M/C.SCREW-3/16X22-WW,10.0,0.0
DOLPHINE-M/C SCREW-5/32X1.25 WW,280.0,0.0
DOLPHINE -M/C.SCREW-5/32X22 WW,100.0,0.0
DOLPHIN-M/C.-SCREW-M4X2.0-WW,225.0,0.0
DOPHIN-M/C-SCREW-M4X22-WW,35.0,0.0
DRYWALL BLACK SCREW 32 X 6,500.0,2500.0
DRYWALL GYPSUM SCREW-6X38,9140.0,2000.0
DRYWALL GYPSUM SCREW 8X75,0.0,1000.0
Ebco-3525-Screw-6x25-Phillips+,800.0,0.0
Ebco-Screw Ss-6x20-Csk+PHILLIPS,1000.0,0.0
"HANDLE SCREW-FLAT HEAD-1""",134.0,0.0
"KING-HANDLE SCREW-M4X19-3/4""",25.0,0.0
"MAYUR-FRIENDSHIP-MIRROR SCREW-1""",156.0,0.0
"MAYUR-FRIENDSHIP-MIRROR SCREW-1.5""",47.0,0.0
"MAYUR-FRIENDSHIP-MIRROR SCREW-2.5""",13.0,0.0
MISC SCREW 6X19 DRYWALL GYPSUM,5412.0,8000.0
OMNI - SCREW-8X35-SS-CSK+-PHILLIPS,2376.0,0.0
OMNI - SCREW SS 100 X 8 CST + PHILLIPS,253.0,500.0
OMNI - SCREW SS 10X100 CSK+PHILLIPS,22404.0,8000.0
OMNI - SCREW SS 10x32 Csk - Slotted,0.0,15.0
OMNI - SCREW-SS-10X50-CSK+PHILLIPS,243.0,0.0
OMNI - SCREW SS 10X60 CSK+ PHILLIPS,14020.0,2000.0
OMNI - SCREW SS 10X75 Csk+ PHILLIPS,17150.0,6500.0
OMNI - SCREW SS 4X13 Csk+ Phillips,2512.0,0.0
OMNI - SCREW SS 4X13 Csk- Slotted,688.0,0.0
OMNI - SCREW SS 6X13 Csk+ Phillips,5994.0,0.0
OMNI - SCREW SS 6X13 Csk- Slotted,700.0,0.0
OMNI - SCREW SS 6X16 Csk+ Phillips,700.0,0.0
OMNI - SCREW SS 6x19 Csk+ Phillips,76324.0,52500.0
OMNI - SCREW SS 6X25 Csk+ Phillips,10590.0,23643.0
OMNI - SCREW SS 6X25 Csk- Slotted,1148.0,0.0
OMNI - SCREW SS 6X32 Csk+ Phillips,1328.0,0.0
OMNI - SCREW SS 6x38 Csk- Soltted,1000.0,50.0
OMNI SCREW SS - 6X50 CST + PHILLIPS,6350.0,0.0
OMNI - SCREW SS 8x16 Csk+ Phillips,1428.0,0.0
OMNI - SCREW SS 8x19 Csk- Slotted,724.0,0.0
OMNI - SCREW SS 8x25 Csk- Slotted,125.0,0.0
OMNI - SCREW SS 8X32 Csk+ Phillips,23468.0,8000.0
OMNI - SCREW SS 8x32 Csk- Slotted,428.0,0.0
OMNI - SCREW SS 8X38 Csk+ Phillips,9770.0,11000.0
OMNI - SCREW SS 8x38 Csk- Soltted,22.0,0.0
OMNI - SCREW SS 8X45 Csk+ Phillips,1700.0,1000.0
OMNI - SCREW SS 8X50 CSK+PHILLIPS,1362.0,0.0
OMNI - SCREW SS 8X50 Csk- Soltted,176.0,0.0
OMNI - SCREW SS 8X60 Csk+ Phillips,5517.0,7000.0
OMNI - SCREW SS 8x60 Csk- Soltted,50.0,0.0
OMNI - SCREW SS 8X75 Csk+ Phillips,17171.0,5000.0
OMNI - SCREW SS 8x75 Csk- Soltted,100.0,90.0
PENTAGON-DRYWALL GYPSUM SCREW 6X19 CSK+,3357.0,1500.0
PENTAGON-DRYWALL GYPSUM SCREW-6X25 CSK+,2250.0,2150.0
PENTAGON-DRYWALL GYPSUM SCREW-6X50 CSK+,2300.0,3742.0
SATYAM-H.THREAD-10X50-CSK-,17.0,0.0
SATYAM-H.THREAD-SCREW-8X35,58.0,0.0
SATYAM-H.THREAD-SCREW-SS-10X75,8.0,0.0
SHARP-HANDLE SCREW-M4X25 (1'),261.0,1750.0
SHARP-HANDLE SCREW-M4X32 (1.25'),6.0,278.0
SHARP-HANDLE SCREW-M4X38 (1.5'),20.0,0.0
EBCO-HS 50 PDT SLIDE TRACK-2 DOOR-8 FT.,2.0,4.0
EBCO SLIDING TRACK SDF 60-100 AT2 (244 MTR),1.0,1.0
HS-45-AS-2(AL.PR.TRACKHS-45/HS/45DT) FOR TOP 2-8',2.0,0.0
HS50R-25-T2-AB (REVERSIBLE SOFT CLOSE TRACK) 8 FUT,3.0,4.0
HS50R-2 (REVERSIBLE SC-2.44 METERS-2 DOOR) TRACK,15.0,14.0
EBCO-HS-50-PDT-2-SLIDING W. FITTING--SOFT CLOSE,1.0,0.0
EBCO-HS50PRT-2-SLIDING FITTING,0.0,4.0
HS-45(ZW) HISLIDE 45 WHEEL,2.0,0.0
HS50R-2 (REVERSIBLE SOFT CLOSE -2 DOOR) WHEEL,21.0,21.0
SOCKET CURTAIN,84.0,40.0
KOXI-OVAL SOCKET-CONC.-5/8-CP,16.0,0.0
"SHANTI / PARSHV-PIPE C.SOCKET CONCILD-1""-HY",45.0,40.0
VIESS-C.SOCKET-KP-32-MET.,2.0,0.0
VIESS-C.SOCKET-SS BALL-B,8.0,0.0
VIESS-C.SOCKET-SS BALL-E,2.0,0.0
SOFA LEG,71.0,54.0
DANIS - SOFA LEG-32-65MM-SS MATT 4'',23.0,20.0
"DANIS-SOFA LEG-F-01-45MM-ROUND-MATT-4""",4.0,0.0
"DANIS-SOFA LEG-F-27-50MM-SQ.MATT-6""",3.0,0.0
STAND,3.0,0.0
SUPPORT,4.0,0.0
"SHANTI-TABLE CORNER-3""-SS",2.0,0.0
"VIESS-C.SOCKET-SUPPORT-SINGLE-4""X16-CP",2.0,0.0
TADI,46.0,36.0
TADI-SOCKET-SS-CLIP,10.0,0.0
TAPE,3068.0,409.0
Abro Masking Tape 40 Mtr  - 1023,10.0,0.0
AIPL GOLD SELF MASKING TAPE,66.0,20.0
AP SUPREME MASKING TAPE 40M,233.0,288.0
COLORS-ABROTAPE-40 MTR.,4.0,0.0
MASKING TAPE STICKPACK 40 MTR.,392.0,0.0
Stick Pack Abro Tape,22.0,0.0
"ASANJO-ZINC-T.CHANNEL-12""",1.0,0.0
"ASANJO-ZINC-T.CHANNEL 8""",2.0,0.0
"EBCO-T.CHANNEL-12""",1.0,0.0
"EBCO-T.CHANNEL-14""",1.0,0.0
Ebco T Channels Soft Close  24'',0.0,10.0
"GODREJ-7088-DRAWER CHANNEL-SOFTCLOSE-22""-550MM",30.0,30.0
"GODREJ-T.CHANNEL-10""",34.0,0.0
"GODREJ-T CHANNEL-8174-12""",93.0,0.0
"GODREJ-T CHANNEL-8175-14""",159.0,0.0
"GODREJ-T CHANNEL-8176-16""",129.0,0.0
"GODREJ-T CHANNEL-8177-18""",69.0,50.0
"GODREJ-T CHANNEL-8178-20""",94.0,80.0
"GODREJ-T CHANNEL-8179-22""",10.0,1.0
"GODREJ-T CHANNEL-8180-24""",10.0,0.0
GODREJ - T  CHANNEL SOFT CLOSE - 16'',35.0,40.0
GODREJ - T  CHANNEL SOFT CLOSE - 18'',7.0,10.0
TOWER BOLT,78.0,0.0
"6"" BRASS MATKA TOWER BOLT",2.0,1.0
"DENIM- TOWER BOLT- MATKA- 8""- BEASS",0.0,1.0
G STAR S.S  L TOWER BOLT 6'',8.0,0.0
G STAR S.S TOWER BOLT 4'',20.0,0.0
G STAR S.S TOWER BOLT 6'',3.0,0.0
G STAR S.S TOWER BOLT 8'',2.0,0.0
"MILL.-TOWER BOLT-ALUM.-MT.-4""-12MM",2.0,0.0
"NAMYA-T.BOLT-MARBLE-BRASS-12""",1.0,0.0
"NAMYA-TOWER BOLT-8""-BRASS-SS",2.0,0.0
"STAR-TOWER BOLT-CAPSULE-4""-SS",-2.0,0.0
"STAR-TOWER BOLT-CAPSULE.-6""SS",1.0,0.0
"STAR-TOWER BOLT-ROYAL-4""-SS",2.0,0.0
"STAR-TOWER BOLT-ROYAL.-6""-SS",1.0,0.0
T-PATTY,1.0,0.0
T-PATTI-8MM-ROSE GOLD,1.0,0.0
VICER,24.0,0.0
Vicer 3/4,24.0,0.0
EBCO - TM 6035 ( TABLE MAT ),3.0,3.0
BC - CUTEER MACHINE,4.0,5.0
BLUECOAT - WP1 - 1 KG,9.0,0.0
Bluefix Epoxy Adhesive Tez (180gm),1.0,0.0
BLUEFIX EPOXY ADHESIVE TEZ ( 90 GMS),0.0,0.0
BONDTITE-FAST & CLEAR-13GM,1.0,0.0
BONDTITE-SUPERSTRENGTH-13GM,0.0,0.0
FALCOFIX GOLD WR 10KG,11.0,9.0
FALCOFIX GOLD WR {1KG},0.0,0.0
FALCOFIX GOLD WR {20KG},6.0,6.0
FALCOFIX GOLD WR {5KG},5.0,4.0
FALCOFIX WR {10KG},51.0,55.0
FALCOFIX WR (20KG),48.0,57.0
FALCOFIX WR {2KG},3.0,0.0
FALCOFIX WR {50KG},16.0,20.0
FALCOFIX WR {5KG},40.0,41.0
FALCOFIX WR {60KG},21.0,22.0
FEVICOL EZEESPRAY(353gm),42.0,60.0
FEVICOL HEATX {1 LIT},128.0,130.0
FEVICOL HEATX { 500ML},62.0,70.0
FEVICOL HI-PER {1KG},3.0,0.0
FEVICOL MARINEKOAT {1LIT},10.0,0.0
Fevicol Nail Free Ultra,4.0,0.0
FEVICOL PROBOND {1KG},19.0,0.0
FEVICOL SH {250 GM},5.0,0.0
FEVICOL WUDFILL 20 GM,10.0,0.0
FEVIKWIK 203 {20gm},101.0,44.0
MXBON 104-20GM CYANOACRYLATE ADH.,22.0,0.0
MXBON 104 CYANOACRY ADHESIVE 20 GM,76.0,50.0
TERMINATOR - WOOD PRESERVATIVE-CLEAR- 320 Ml -SPRAY,1.0,0.0
TIKAWOOD-FASTTIK- 1KG,20.0,25.0
VETRA LV-401 ASTRAL {20gm},45.0,50.0
BTC-1.5X6,17074.6,6216.0
BTC-1X10,164.6,0.0
BTC-1X6,22459.6,11848.5
BTC-2.5X10,538.0,0.0
BTC-2X10,1346.0,0.0
BTC-2X6,9892.5,8367.0
BTC-3X10,200.0,0.0
CP-1.5X10,80.0,0.0
CP 1.5X6,5000.0,0.0
CP-1X10,10000.0,0.0
CP-1X6,1500.0,0.0
CP 2X6,256.0,0.0
BR-CLOTH HANGER-ASK-01-6 HOOK-CP,0.0,1.0
BR-CLOTH HANGER-ASK-01-8 HOOK,0.0,0.0
BR-CLOTH HANGER-ASK-02-4 HOOK,0.0,0.0
BR.CLOTH HANGER-ASK-02-6 HOOK-SS,0.0,0.0
BR.CLOTH HANGER-ASK-02-8 HOOK-CP,0.0,0.0
BR.CLOTH HANGER-SSK-HY.-4 HOOK,0.0,0.0
BR.CLOTH HANGER-SSK-HY-6 HOOK,0.0,0.0
BR.-CLOTH HANGER-SSK-HY-8 HOOK,0.0,0.0
CLOTH HANGAR-INDIVIDUAL-WITH DORI,0.0,0.0
CLOTH HANGER 8X4,1.0,0.0
DIE CAST-KHUTTI-2 HOOK-GLOSSY,0.0,0.0
DIE CAST-KHUTTI-3 HOOK-GLOSSY,0.0,0.0
DIE CAST-KHUTTI-4 HOOK-GLOSSY,0.0,0.0
DIE CAST-KHUTTI-5 HOOK-GLOSSY,0.0,0.0
DIE CAST-KHUTTI-6 HOOK-GLOSSY,0.0,0.0
DIE CAST-KHUTTI-8 HOOK-GLOSSY,0.0,0.0
EBCO-HANGER DORI BRACKET-HBK-2 REG.SILVER,0.0,0.0
"EBCO-KEYBOARD TRAY-KBTM45-450MM-WITH MOUSE-18""",0.0,0.0
FALAK-KEY HANGAR-BIG(BLUE) MOR Pc.-ANT,0.0,0.0
FALAK-KEY HANGAR-SMALL(BROWN) MOR Pc.-ANT,0.0,0.0
FALAK-MOR PC.-KEY HANGER-CP,0.0,0.0
JP-KHUTTI-K-103-CP-4 HOOK,0.0,0.0
JP-KHUTTI-K-108-CP-4 HOOK,0.0,0.0
JP-KHUTTI-K-108-CP-5 HOOK,0.0,0.0
JP-KHUTTI-K-109-CP-4 HOOK,0.0,0.0
JP-KHUTTI-K-18-CP-4 HOOK,0.0,0.0
KEY HANGAR-ASSURE-JAGUAR-ANT,1.0,0.0
KEY HANGAR-ASSURE-JAGUAR-ANT(GREEN),0.0,0.0
KEY HANGAR-BASARI-WITH MOR ANTIC,0.0,0.0
KEY HANGAR-NIJ-UMBRELLA-WENGI/ORANGE,1.0,0.0
KEY HANGER-FISH,0.0,0.0
KEY HANGER-MOR-ANT,0.0,0.0
KEY HANGER-VEENA-ANT.,0.0,0.0
MILL.-CLOTH HINGER-KHUTTI-T.S.-WENGI-6 HOOK,0.0,0.0
MILL.-HANGER-KHUTTI-CHAIN-WENGI-6 HOOK,0.0,0.0
PARSHV-8MM OVAL RING,2.0,0.0
RAINBOW-CLOTH DRY HANGER,0.0,0.0
SAZISH-WALL HANGER-IVORY-6 HOOK,0.0,0.0
SHANTI-HANGER-PATTI KHUTTI-3 HOOK,0.0,0.0
SHANTI-KHUTTI-BUTTERFLY-4 HOOK,0.0,0.0
SKYNET-JP-KHUTTI-HANGER-K-103-GL-5 HOOK,1.0,0.0
SKYNET-JP-KHUTTI-HANGER-K-103-GL-6 HOOK,0.0,0.0
SKYNET-JP-KHUTTI-HANGER-K-108-CP-6 HOOK,4.0,0.0
SKYNET-JP-KHUTTI-HANGER-K-18-CP-5 HOOK,2.0,0.0
SKYNET-JP-KHUTTI-HANGER-K-18-CP-6 HOOK,1.0,0.0
SKYNET-KHUTTI-K-109-CP-5 HOOK,0.0,0.0
SKYNET-KHUTTI-K-109-CP-6 HOOK,3.0,0.0
SPL-CLOTH HANGER-PATTI KHUTTI-4 HOOK,1.0,0.0
SPL-CLOTH HANGER-PATTI KHUTTI-5 HOOK,0.0,0.0
SPL-CLOTH HANGER-PATTI KHUTTI-6 HOOK,1.0,0.0
"AARO-T.CHANNEL-26""",1.0,0.0
"ALICO-T.CHANNEL-10""",0.0,0.0
"ALICO-T.CHANNEL-12""",0.0,0.0
"ALICO-T.CHANNEL-14""",0.0,0.0
"ALICO-T.CHANNEL-16""",0.0,0.0
"ALICO-T.CHANNEL-18""",0.0,0.0
"ALICO-T.CHANNEL-20""",0.0,0.0
"ALICO-T.CHANNEL-22""",1.0,0.0
"ASANJO-ZINC-T.CHANNEL-12""",2.0,0.0
"ASANJO-ZINC-T.CHANNEL 8""",0.0,0.0
"AXIS PREMIUM-T-CHANNEL-12""",0.0,0.0
"AXIS PREMIUM-T-CHANNEL-14""",0.0,0.0
"AXIS PREMIUM-T-CHANNEL-16""",0.0,0.0
"AXIS PREMIUM-T-CHANNEL-18""",0.0,0.0
"AXIS PREMIUM-T-CHANNEL-20""",0.0,0.0
"AXIS-PREMIUM-T.CHANNEL-22""",0.0,0.0
"BLANDOX-T.CHANNEL-30""-HY.",0.0,0.0
"DEFECTIVE-KREST-T.CHANNEL-20""",0.0,0.0
"DEFECTIVE-KREST-T.CHANNEL-24""",0.0,0.0
EBCO-T-CHANEELS 36'',0.0,0.0
"EBCO-T-CHANNEL-10""",1.0,0.0
"EBCO-T.CHANNEL-12""",1.0,0.0
"EBCO-T.CHANNEL-14""",0.0,0.0
"EBCO-T-CHANNEL-16""",0.0,0.0
"EBCO-T.CHANNEL-18""",10.0,0.0
"EBCO-T.CHANNEL-20""",0.0,0.0
"EBCO-T.CHANNEL-22""",0.0,0.0
"EBCO-T-CHANNEL-24""",0.0,0.0
"EBCO-T-CHANNEL-26""",0.0,0.0
"EBCO-T-CHANNEL-28""",0.0,0.0
"EBCO-T.CHANNEL-8""",0.0,0.0
EBCO - T -  CHANNELS 30'',0.0,10.0
Ebco T Channels Soft Close  24'',0.0,0.0
"GODREJ-6905-HEAVY DUTY-650MMT-CHANNEL-26""",0.0,0.0
"GODREJ- 6908-HEAVY DUTY DRAWER SLIDES 800MM-32""",0.0,0.0
"GODREJ-6998-HEAVY DUTY DRAWER SLIDES-900MM-36""",30.0,30.0
"GODREJ-7088-DRAWER CHANNEL-SOFTCLOSE-22""-550MM",34.0,0.0
"GODREJ-T.CHANNEL-10""",0.0,0.0
"GODREJ-T.CHANNEL-28""",93.0,0.0
"GODREJ-T CHANNEL-8174-12""",159.0,0.0
"GODREJ-T CHANNEL-8175-14""",129.0,0.0
"GODREJ-T CHANNEL-8176-16""",69.0,50.0
"GODREJ-T CHANNEL-8177-18""",94.0,80.0
"GODREJ-T CHANNEL-8178-20""",10.0,1.0
"GODREJ-T CHANNEL-8179-22""",10.0,0.0
"GODREJ-T CHANNEL-8180-24""",0.0,0.0
GODREJ - T  CHANNEL SOFT CLOSE - 14'',35.0,40.0
GODREJ - T  CHANNEL SOFT CLOSE - 16'',7.0,10.0
GODREJ - T  CHANNEL SOFT CLOSE - 18'',0.0,0.0
"HAFELE-SOFTCLOSE-T.CHANNEL-12""",0.0,0.0
"HAFELE-SOFTCLOSE-T.CHANNEL-14""",0.0,0.0
"HAFELE-SOFTCLOSE-T.CHANNEL-16""",0.0,0.0
"HAFELE-SOFTCLOSE-T.CHANNEL-18""",0.0,0.0
"HAFELE-SOFTCLOSE-T.CHANNEL-22""",0.0,0.0
"HAFFLE-T.CHANNEL-28""",0.0,0.0
"HETTITCH-T-CHANNEL-10""",0.0,0.0
"HETTITCH-T-CHANNEL-12""",0.0,0.0
"HETTITCH-T-CHANNEL-14""",0.0,0.0
"HETTITCH-T-CHANNEL-16""",0.0,0.0
"HETTITCH-T-CHANNEL-18""",0.0,0.0
"HETTITCH-T-CHANNEL-22""",0.0,0.0
"HETTITCH-T-CHANNEL-24""",0.0,0.0
"HETTITCH-T-CHANNEL-26""",0.0,0.0
"HETTITCH-T-CHANNEL-28""",0.0,0.0
"HETTOTCH-T.CHANNEL-20""",0.0,0.0
"MAXX LIFE-T.CHANNEL-10""",0.0,0.0
"MAXX LIFE-T.CHANNEL-12""",0.0,0.0
"MAXXLIFE-T.CHANNEL-14""",0.0,0.0
"MAXX LIFE-T.CHANNEL-16""",0.0,0.0
"MAXX LIFE-T.CHANNEL-18""",0.0,0.0
"MAXX LIFE-T.CHANNEL-20""",0.0,0.0
"MAXX LIFE-T.CHANNEL-22""",0.0,0.0
"MAXX LIFE-T.CHANNEL-24""",0.0,0.0
"MAXX LIFE-T.CHANNEL-26""",0.0,0.0
"MAXX LIFE-T.CHANNEL-28""",0.0,0.0
"MULTIQUIP-T.CHANNEL-30""",0.0,0.0
"PANJO-T.CHANNEL-12""",2.0,0.0
"PANJO-T.CHANNEL-14""",0.0,0.0
"PANJO-T.CHANNEL-16""",0.0,0.0
"PANJO-T.CHANNEL-18""",0.0,0.0
"SLIDEWELL-T.CHANNEL-10""",0.0,0.0
"SLIDEWELL-T.CHANNEL-16""",0.0,0.0
"SLIDEWELL-T.CHANNEL-22""(DEFECTIVE)",0.0,0.0
"T.CHANNEL-42""",0.0,0.0
"WIFI-T-CHANNEL-10""",0.0,0.0
AAIJEE-TABLE BRACKET-24,0.0,0.0
"BALAJI- DINNING TABLE BRACKET- 36""",0.0,0.0
"BL-F-Bracket-6""-12mm-Sscp",0.0,0.0
"EBCO-CONC.-TABLE BRACKET-TBR50(AT)-500MM-20""",0.0,0.0
"EBCO-CONC.TABLE BRACKET-TBRO (AT) -400MM-16""",0.0,0.0
EBCO-FUT120 (FOLDING UTILITY TABLE-1200)- 4',1.0,1.0
EBCO-FUT120 (FOLDING UTILITY TABLE-900)- 3'',1.0,1.0
"EBCO-TABLE  BRACKET-24""(600MM)",0.0,0.0
"EBCO-TABLE BRACKET-400MM-16""-TB40AT",0.0,0.0
EBCO- TABLE BRACKET-FUT60 (FOLDING TABLE-600)-2',0.0,0.0
"EBCO-TABLE BRACKET-TB-50 (AT)-500MM-20""",2.0,2.0
"EBCO-TB 30-(AT)-TABLE BRACKET-(300MM)-12""",0.0,0.0
EBS-CM1 (ELECTRIC BOX-CEILING MOUNT) 2 POWER+2 CHAR,0.0,0.0
EBS-FU2 (ELECTRIC BOX-FLIP UP,1.0,1.0
"FOLDING BED SOCKET-1 1/2""-HY",0.0,0.0
FR2- FOOT REST,2.0,2.0
LTS-1 (LAPTOP STAND),0.0,0.0
MILL-F-BRACKET-6X12MM-MATT-SQUARE,0.0,0.0
MILL-F-BRACKET-8X12MM-MATT,1.0,0.0
MILL-F-BRACKET-(8X8MM)-MATT,5.0,0.0
MILL-F-BRAKET-12X12MM-MATT-SQUARE,0.0,0.0
MILL-F-BRAKET-12X8MM-MATT-SQURE,0.0,0.0
MILL-STEEL-F-BRACKET-FLAT-6X12MM,0.0,0.0
MILL-STEEL-F-BRACKET-MAT-4X12MM,0.0,0.0
NAMYA-U-BRACKET-2X10MM,0.0,0.0
NAMYA-U BRACKET-2X12MM-BRASS,0.0,0.0
NAMYA-U-BRACKET-2X6MM-SS,6.0,0.0
PRAJVAL-SQUARE BRAKET 2X10MM-SS,0.0,0.0
SHANTI-D.BRACKET-12MM-FOLDING(2X1),14.0,0.0
"SHANTI-F-BRACKET-4""X ADJST",0.0,0.0
"SHANTI-F-BRACKET-6""X ADJST-MATT",0.0,0.0
"SHANTI-F-BRACKET-8""XADJST",0.0,0.0
SLTL 2 -E AT( SMART LIFT ELECTRIC-2) AT,1.0,1.0
STAR-FOLDING BRACKET-2X8MM-SS,0.0,0.0
STAR-SQ. BRACKET-2X12MM-SS,0.0,0.0
WSTR-9 IV WORK STATION TRAY (ROUND) IV,0.0,0.0
ALICO-6 WHEEL-NANO,0.0,0.0
ALICO-BALL CASTOR-ORANGE-50MM,0.0,0.0
ALICO-SIX 6 WHEEL CLASSIC BEARING,0.0,0.0
"EBCO-ZIPCO- P FIXED CASTOR 25MM-1""",1.0,0.0
"EROS-PREMIUM-CASTOR-SWIVEL-2""-ORANGE-LOCK",1.0,0.0
KHUSHI-FIX CASTOR-25MM,0.0,0.0
"KHUSHI-FIX CASTOR-30MM-1.25""",0.0,0.0
"KHUSHI-FIX CASTOR-40MM-1.5""",0.0,0.0
KHUSHI-FIX CASTOR-DURLING-20MM,0.0,0.0
KHUSHI-PLY CASTOR-IMP BEARING,0.0,0.0
KHUSHI-REVO. 6WHEEL CASTOR-10GM BODY JAPAN BE,0.0,0.0
KHUSHI-REVOLING CASTOR-25MM -NYLON,1.0,0.0
LAXMI-6WHEEL CASTOR DERLIN,0.0,0.0
LAXMI-BALL CASTOR-38MM,0.0,0.0
LAXMI-FIX CASTOR-DURLING,0.0,0.0
"LAXMI-REVOLVING CASTOR-WITH LOCK-2""",0.0,0.0
"NEW-PREMIUM-CASTOR-SWIVEL-1.5""-ORANGE-LOCK",0.0,0.0
PREMIUM-BALL CASTOR-1.25 SP HEAVY,0.0,0.0
PREMIUM - BALL CASTOR ORANGE 1.5 SP HEAVY,1.0,0.0
PREMIUM-CASTOR-6 WHEEL-IMP BEARING,0.0,0.0
PREMIUM CASTOR-IMP-6 WHEEL MINI,2.0,0.0
PREMIUM-CASTOR-REVOLVING 6 WHEEL,0.0,0.0
PREMIUM CONCEAL CASTOR GOLI 1/2'',32.0,0.0
PREMIUM-CONCILD CASTOR-DERLIN,0.0,0.0
"SHANTI-BALL CASTOR-ORANGE-38MM-1.5""",0.0,0.0
"SHANTI-BALL CASTOR-ORANGE-50MM-2""",2.0,0.0
SHANTI-CASTOR-4WHEEL-ORANGE,0.0,0.0
SHANTI CASTOR 4 WHEEL PRIMIUM,0.0,0.0
SHANTI-CASTOR-4 WHEEL-WHITE,0.0,0.0
SHANTI-CASTOR-6 WHEEL-ORANGE,0.0,0.0
SHANTI-CASTOR-6 WHEEL-WHITE-BEARING,0.0,0.0
SHANTI CASTOR-6 WHEEL WHITE-HY.,57.0,0.0
"SHANTI-FIX CASTOR-25MM-1""",12.0,0.0
"SHANTI-FIX CASTOR-30MM-1.25""",4.0,0.0
"SHANTI-NEW STAR PREM.-FIX CASTOR-40MM-1.50""",0.0,0.0
SHNATI-PREMIUM BALL CASTOR -38MM 1X1/2 NEW STAR BLA,0.0,0.0
SURAJ-CASTOR-SIXER 6 WHEEL ORANGE (L) - MAYUR,0.0,0.0
VINAYAK-BALL CASTOR-38MM,0.0,0.0
VINAYAK-BALL CASTOR-50MM,0.0,0.0
"ALICO-GAS PUMP-35KG-12""",-1.0,0.0
"BALAJI-GAS PUMP-12""-30KG",0.0,0.0
BALAJI- GAS PUMP-20KG,0.0,0.0
"BALAJI-GAS PUMP-35KG-12""",0.0,0.0
"COLORS-GAS PUMP-9""-15KG",0.0,0.0
Ebco Gas Pump 100kg,0.0,0.0
EBCO GAS PUMP 175 KG,5.0,5.0
EBCO-GAS PUMP-30KG,0.0,0.0
EBCO-GAS PUMP-75KG,0.0,0.0
EBCO GAS PUMP HEAVY DUTY 25 KG,4.0,0.0
EBCO GAS PUMP HEAVY DUTY 30 KG,0.0,0.0
EBCO-GAS PUMP PLBF-120KG,3.0,0.0
EBCO-GAS PUMP-PLBF-150KG,15.0,13.0
EBCO-GAS PUMP-PLBF-200KG,2.0,0.0
EBCO-GAS PUMP PLBF-50KG,0.0,0.0
EBCO-GAS PUMP-PLC-06- 6 KG,0.0,0.0
"EBCO-GAS PUMP-PLC-10-10KG-9""",7.0,0.0
"EBCO-GAS PUMP-PLC-12-12KG-9""",0.0,0.0
EBCO-GAS PUMP-PLC-15-15KG,2.0,0.0
"EBCO-GAS PUMP-PLC-20-20KG-9""",4.0,5.0
"EBCO-GAS PUMP-PLC-25-25KG-9""",0.0,0.0
EBCO-PLBF 175C-GAS PUMP-175KG,0.0,0.0
EBCO-PLC 10-SC-PUMP (PRO-LIFT OFT CLOSE),0.0,0.0
EBCO-PLC-15-SC-PUMP-PRO-LIFT SOFT CLOSE,0.0,0.0
EBCO PLCHD 35 (AT) GAS PUMP-35 KG,0.0,0.0
Hettich Gas Spring 150 Kg,0.0,0.0
HETTICH GAS SPRING PLUS BLACK 5 - 120KG,0.0,0.0
"KAWASAKI-GAS PUMP-12""-10KG",0.0,0.0
"KAWASAKI-GAS PUMP-12""-25KG",0.0,0.0
"KAWASAKI -GAS PUMP-18""-100KG",0.0,0.0
"KAWASAKI-GAS PUMP-9""-10KG",0.0,0.0
"KAWASAKI-GAS PUMP-9""-5KG",0.0,0.0
"ROEASY-GAS PUMP-10 KG-10""",0.0,0.0
"ROEASY-GAS PUMP-125 KG-(14"")",0.0,0.0
"ROEASY GAS PUMP 14""X100KG",0.0,0.0
"ROEASY-GAS PUMP-15 KG-10""",0.0,0.0
"ROEASY-GAS PUMP-20 KG-10""",0.0,0.0
"ROEASY-GAS PUMP-25 KG-10""",0.0,0.0
"ROEASY-GAS PUMP-5 KG-10""",0.0,0.0
3000-ADVANTIS RIMTRONIC RF,0.0,0.0
4101-ADVANTIS RIMTRONIC ADVANTIS RIM LOCK,0.0,0.0
4199 CATUS TOUCH,0.0,0.0
4200 CATUS TOUCH PLUS,0.0,0.0
4967-ADVANTIS BIOMETRIC DOOR LOCK,0.0,0.0
ALICO-SLIDING POPAT LOCK,0.0,0.0
ALLOUT-D.LOCK-I-20-WAVE KEY,1.0,0.0
ASANJO-D.LOCK-MULTI PURPOSE-22MM,3.0,0.0
ASANJO-D.LOCK-MULTI PURPOSE-32MM,0.0,0.0
BLANDOX-HANDLE-MORTISE LOCK BODY+CYLINDER-BMLB-05,0.0,0.0
BLANDOX-SLIDING-POPAT LOCK-BSL-06,0.0,0.0
CNR-CLBC-01-LOCK BODY+CYLINDER COMBO SET-SS,0.0,0.0
CNR-CTBL-803ET-CYL. LOCK-(60MM)-SS304,0.0,0.0
CNR-STAR KEY DEAD LOCK-CSKL-05,1.0,0.0
CNR-STAR KEY SLIDING LOCK-CSKL-02,0.0,0.0
CSL1-25-S2 CUPBOARD SLIDING LOCK  (SET OF2 LOCK),2.0,4.0
CYLINDER-70MM-ANT.,1.0,0.0
Digi Lock (8301),0.0,0.0
Digital Lock,0.0,0.0
EBCO-C.LOCK-DIMPLE KEYS-29MM-P-SRC-29D (BS),0.0,0.0
EBCO-CUP.LOCK-DIMPLE KEYS-23MM-P-SRC-23D,9.0,0.0
EBCO-D.LOCK-DIMPLE KEYS-23MM-P-SRD-23D(BS),5.0,0.0
EBCO-D.LOCK-DIMPLE KEYS-29MM-P-SRD-29D (BS),0.0,0.0
EBCO-D.LOCK-E-SQL1-22 M SQ.LOCK 22MM-METAL KEY,0.0,0.0
EBCO-D.LOCK-SQL1-22 SQ.LOCK 22MM,0.0,0.0
EBCO-D.LOCK-WAVE KEYS-23MM-P-SRD-23W,0.0,0.0
EBCO-D.LOCK-WAVE KEYS-29MM-P-SRD-29W,0.0,0.0
EBCO-MORTISE LOCK-MDLS-EL-SS-NP-KEYLESS-LEFT,0.0,0.0
EBCO-MORTISE LOCK-MDLS-ER-SS-NP-KEYLESS-LEFT,0.0,0.0
EBCO-P-DKL1K-AT(PRESTO-DOOR KNOB LOCK-KEYED),0.0,0.0
EBCO-P-DKL1K-CP(PRESTO-DOOR KNOB LOCK-KEYED),0.0,0.0
EBCO-P-DKL1K-NS-KEYED-(PRESTO-DOOR KNOB LOCK-KEYED),0.0,0.0
EBCO-P-DKL-1K-NS-KEYLESS-(PRESTO-DOOR-KNOB-LOCK),0.0,0.0
EBCO-PMT-1-22-PUSH & TURN LATCH (CENTRE)-NICKEL,0.0,0.0
EBCO-P-SRC-35D-CUPBOARD LOCK-DIMPLE KEY,0.0,0.0
EBCO-SLIDING WARDROBE LOCK-PWLS-1-19MM,2.0,0.0
EBCO-SLIDING WARDROBE LOCK-PWLS-1-25,0.0,0.0
EBCO-TL-1-TURN LATCH-SATIN LATCH,0.0,0.0
EUROPA-C.LOCK-F-360SB,0.0,0.0
EUROPA - CYLINDRICAL LOCK KEYED,0.0,0.0
EUROPA - CYLINDRICAL LOCK KEYLESS,1.0,0.0
EUROPA DISC PAD LOCK-P 390 SS COMMON KEY,0.0,0.0
EUROPA-D.LOCK-F-355 SS-DIMPLE KEY,1.0,0.0
EUROPA-D.LOCK-F-365-19MM-DIPLE KEY,0.0,0.0
EUROPA-D.LOCK-F-375SS-DIMPLE KEY,0.0,0.0
EUROPA - NIGHT LATCH 8013 IN TRIBOLT,0.0,0.0
EUROPA-NIGHT LATCH-8013 NS-3 DEAD BOLTS,0.0,0.0
EUROPA - NIGHT LATCH 8013 - NS TRIBOLT,0.0,0.0
FOUR WAY LOG (POPAT) LOCK,0.0,0.0
GODREJ-1151-STRIKER PALTE-TRIBOLT,0.0,0.0
GODREJ- 4291 -VERTIBOLT ULTRA-1CK SS,0.0,0.0
GODREJ-4374-DRAWER LOCK-NUVO-20MM-BS,11.0,0.0
GODREJ-4375-DRAWER LOCK-NUVO-25MM-BS,1.0,0.0
GODREJ-4376-WARDROBE LOCK-NUVO-25MM-BS,0.0,0.0
GODREJ-4377-WARDROBE LOCK-NUVO-32MM-BS,0.0,0.0
GODREJ-4492-HANDLE WITH LOCK,0.0,0.0
Godrej-5304-Ultra Latch Cum Lock Shaft-Inside,0.0,0.0
GODREJ-5760-ULTRA XL+ TWINBOLT-OUTSIDE-SS,0.0,0.0
GODREJ-5762-ULTRA LOCK-(OUTSIDE)-S/A,1.0,0.0
GODREJ-5809-CY.LOCK-WOODEN CLASSIC-60MM,0.0,0.0
GODREJ-5810-CY.LOCK-ANT./B-60MM,0.0,0.0
GODREJ-6078-ULTRA XL+ RIM DEAD BOLT-LATCH,0.0,0.0
GODREJ-6082-ULTRA XL+ TWINBOLT 1 CK -SS- LOCK,0.0,0.0
GODREJ  6083  ULTRA LOCK INSIDE,0.0,0.0
GODREJ-6084-ULTRA XL-TWINBOLT-1 CK-DEADBOLT-SS,0.0,0.0
GODREJ-6086-ULTRA XL+ TRIBOLT 1K-SS- LOCK-(INSIDE),0.0,0.0
GODREJ-6088-ULTRA XL+ TRIBOLT 1 CK DB-SS,0.0,0.0
GODREJ-6359-PENTABOLT-ARIES-1CK/OROMAN SILVER,0.0,0.0
GODREJ-6362-PENTABOLT-ARIES-1CK I/O VEGAS GOLD,0.0,0.0
GODREJ-6403-VERTIBOLT-RIM LOCK,0.0,0.0
GODREJ-6698-ROSE SET NEH 10,0.0,0.0
GODREJ-7119-ROSE SET NEH 06,0.0,0.0
GODREJ-8010-CURVO WARDROBE LOCK-25MM,2.0,0.0
GODREJ-8085-CURVO-D.LOCK-20MM-COMMON KEY,0.0,0.0
GODREJ-8261-NIGHT LATCH-(INSIDE),0.0,0.0
GODREJ-8351-RIM LOCK (INSIDE) MET SATIN,0.0,0.0
GODREJ-8352-RIM LOCK-A/B,0.0,0.0
GODREJ-8447-24CM-MORTISE LOCK,0.0,0.0
GODREJ-8448-24CM-LOCK BODY-3 BOLTS LOCK,0.0,0.0
GODREJ-8812-RIM LOCK,0.0,0.0
GODREJ-8813-RIM LOCK-O/S,0.0,0.0
GODREJ-9104-RIM LOCK-1 CK (INSIDE) BEIGE BROWN,0.0,0.0
GODREJ-9105-RIM LOCK-(OUTSIDE)-BIEGE BROWN,0.0,0.0
GODREJ-9159-HOOK BOLT-SLIDING POPAT LOCK-4 LEVER,-4.0,0.0
GODREJ-9843-CY.LOCK-KEYLESS-5 YRS.,0.0,0.0
GODREJ-CY. LOCK-5329-KEYED-(5 YR.),0.0,0.0
GODREJ-CY.LOCK WITH KEY-5808,0.0,0.0
GODREJ-CY. LOCK WITH KEY-6334,0.0,0.0
GODREJ-CY.LOCK W/O  KEY-5805,0.0,0.0
GODREJ-D. & C. MULTIPURPOSE LOCK (8299)-UNI.KEY,1.0,0.0
GODREJ-DISC PAD LOCK-90MM- KEYS DURO-4067 ULTRA XL+,0.0,0.0
GODREJ-D.LOCK-20MM-CURVO-8012,0.0,60.0
GODREJ-D.LOCK-25MM-CURVO-8013,0.0,0.0
GODREJ-D.LOCK 8000 MULTIPURPOSE-DIMPLE ULTRA KEY,0.0,0.0
GODREJ-D.LOCK-9350 MULTIPURPOSE LOCK-BLACK KEY,1.0,0.0
GODREJ-DURA LOCK-ULTRA XL-70MM-4072-COMMON KEY,0.0,5.0
GODREJ-DURA PAD LOCK-70MM-8227-COMMON KEY,0.0,0.0
GODREJ-DURA PAD LOCK-70MM-8349,0.0,0.0
GODREJ-DURA PAD LOCK-90MM-8228-COMMON KEY,0.0,0.0
GODREJ-DURA PAD LOCK-90MM-8350,0.0,0.0
GODREJ-LOCK BODY-8189-24CM-EUROPROFILE-A/B,0.0,0.0
GODREJ-MY LOCK-CANDY-6666,1.0,0.0
GODREJ-NAVTAL-ULTRA XL+ (5100)-3 TON,0.0,0.0
GODREJ-PAD LOCK-5 LEVER-NAVTAL-3277-3 KEYS,0.0,0.0
GODREJ-RIM LOCK-5305-TRI BOLT-ULCT-S/N,0.0,0.0
GODREJ-RIM LOCK- 6087-ULTRA XL+TRIBOLT INSIDE OP.,0.0,0.0
GODREJ-RIM LOCK-8127-ULTRA TRIBOLT-INSIDE-S/N,0.0,0.0
GODREJ-RIM LOCK-8129-ULTRA TRIBOLT-OUTSIDE-S/N,0.0,0.0
GODREJ-ROUND PAD LOCK-40MM--8147,0.0,0.0
GODREJ-ROUND PAD LOCK-67MM-8149,0.0,0.0
GODREJ SAFE NX PRO DIGI GREY EL - XL MODEL 30 LTR,0.0,-1.0
GODREJ SAFE NXPRO DIGI IVORY (M) ELMODEL 15 LTRDIGI,0.0,-1.0
GODREJ SAFE NX PRO IVORY MODEL 15L KL-M,0.0,-1.0
GODREJ-TRI SHAFT LATCH-5120-BRASS/ANT.,0.0,0.0
GODREJ-ULTRA VERTIBOLT-ANT. BRASS-BLISTER-6401,0.0,0.0
GUTKI-70MM CYLINDER (CY.LOCK),0.0,0.0
HETTICH CYLINDRICAL LOCK WITH KEY,1.0,0.0
HETTICH CYLINDRICAL LOCK W/O KEY,0.0,0.0
HOOK POPAT LOCK-C-024,0.0,0.0
KEM-LATCH-ULTRA-TRIBOLT-3040SS-LOCK,0.0,0.0
KEY HOLE-ROUND-MT,0.0,0.0
KHAKI-LOCK BODY-60X85-SS,0.0,0.0
MYTO-MORTSE DEAD & SLIDING LOCK L-03,0.0,0.0
OGDL1-GG=OPENABLE GL DOOR LOCK-GLASS-GLASS SS 304,0.0,0.0
POPAT SLIDING LOCK,-1.0,0.0
P-TCLW-PRL (TOUCHPAD COMBINATION LPCK WOOD LEFT),0.0,0.0
QUBA - M.D. LOCK TRIDENT Q-238-SS,0.0,0.0
QUBA - M.D. LOCK TRIDENT Q-240-SS,0.0,0.0
RAJVANSHI-D.LOCK-20MM-SIMPLE,1.0,0.0
RAMSON-CUP.LOCK-WAVE KEY-25MM,0.0,0.0
RAMSON-CUTE-D.LOCK-DIMPLE ULTRA KEY-19MM,0.0,0.0
RAMSON-ZIM-LATCH RIM-5 KEYS-LOCK,0.0,0.0
SLDL-W1-PL-SWING DOOR LOCK WOOD NICKEL,2.0,0.0
TAIWAN-STEEL MORTISE LOCK-B-86-50MM-(100X85),-2.0,0.0
TITAN-LOCK BODY+CYLINDER-COMBO-70MM-(85X45),0.0,0.0
YALE J 20 LOCK (DISPLAY BOARD),0.0,0.0
A&D-DOOR STOPPER-MAGNET-PVC,0.0,0.0
ALICO-MAGNET NO.2-PVC,0.0,0.0
ALICO-MAGNET-NO.3-PVC,0.0,0.0
"BELL-DOOR HOLDER MAGNET-SS-3""",3.0,0.0
"BLANDOX - MAGNET DOOR STOPPER - MATT - 4""",2.0,0.0
"CHINA-DOOR HOLDER MAGNET-SS-4""",0.0,0.0
DEN-MAGNET NO-2 PVC,0.0,0.0
DOOR MAGNET-HEAVY-ANT./BR.,0.0,0.0
ECO-PUSH MAGNET STOPPER-FIX-SS,2.0,0.0
"ETIOS-DOOR HOLDER MAGNET-SS-4""",0.0,0.0
HYLIS-PUSH MAGNET CATCH-PVC,8.0,0.0
LAXMIPLUS-DOOR STOPPER MAGNET-PVC-SPLX-5,0.0,0.0
M6 DOOR CATCHAR-BVM,0.0,0.0
MAGNET - PATTI - SS,0.0,0.0
MILL-MAGNET NO.3-PVC,0.0,0.0
PARSHVAGURU MAGNET DOOR STOPPER M 5,0.0,0.0
PRAJVAL-PUSH MAGNET CATCH-SS,0.0,0.0
SHANTI-MAGNET NO-2 SS,0.0,0.0
SHANTI-MAGNET NO.3-SS,0.0,0.0
SHANTI- MAGNET NO. 7- BROWN & IVORY,60.0,0.0
SHREEJI - MAGNET NO. 2,0.0,0.0
SHREEJI-MAGNET NO.3-PVC,218.0,350.0
TULIPAN MAGNET SS NO. 2,0.0,0.0
"ZABID-DOOR HOLDER MAGNET-SS-4""",0.0,0.0
AAYUSHI SS SOFA LEG 50MM,34.0,34.0
"B.L.-SOFA LEG-3""-50MM-MT-SQ.",0.0,0.0
"DANIS-SOFA LEG-3""-ROUND-45MM",0.0,0.0
DANIS - SOFA LEG-32-65MM-SS MATT 4'',23.0,20.0
"DANIS-SOFA LEG-F-01-45MM-MATT-3""",0.0,0.0
"DANIS-SOFA LEG-F-01-45MM-ROUND-MATT-4""",4.0,0.0
"DANIS-SOFA LEG-F-01-45MM-ROUND-MATT-6""",0.0,0.0
"DANIS-SOFA LEG-F-12-45MM-LINING-3""",0.0,0.0
"DANIS-SOFA LEG-F-12-45MM-LINING-4""",0.0,0.0
"DANIS-SOFA LEG-F-12-45MM-ROUND-LINING-6""",0.0,0.0
"DANIS-SOFA LEG-F-22A-65MM-ROUND-CD CUT-6""",0.0,0.0
"DANIS-SOFA LEG-F-23-32MM-SQ.-3""",0.0,0.0
"DANIS-SOFA LEG-F-23-32MM-SQ. MATT-4""",0.0,0.0
"DANIS-SOFA LEG-F-23-32-SQ.-MATT-6""",0.0,0.0
"DANIS-SOFA LEG-F-27-50MM-SQ.-MATT-3""",0.0,0.0
"DANIS-SOFA LEG-F-27-50MM-SQ.MATT-6""",3.0,0.0
"DANIS-SOFA LEG-ROUND-GLOSSY-4""",0.0,0.0
"SHANTI-SAAVY-SOFA LEG-SF 102-45MM-ROUND-3""-CP",4.0,0.0
"SHANTI-SOFA LEG-SF-106-65MM-ROUND-LINING-3""",0.0,0.0
"SHANTI-SOFA LEG-SF-106-65MM-ROUND-LINING-4""",0.0,0.0
SHANTI-SOFA-LEG-SF-114-45MM-ROUND-GLOSSY,0.0,0.0
"SHANTI-SOFA LEG-SF-114-50MM-ROUND-GLOSSY-3""-SAVVY",0.0,0.0
"SHANTI-SOFA LEG-SF-114-50MM-ROUND-GLOSSY-4""",0.0,0.0
"SHANTI-SOFA LEG-SF-115-65MM-ROUND-GLOSSY-3""-SAVVY",3.0,0.0
"SHANTI-SOFA LEG-SF-115-65MM-ROUND-GLOSSY-4""SAVVY",0.0,0.0
"SOFA LEG-3""-SQUARE-80MM-HY.",0.0,0.0
"SOFA LEG-4""-SQUARE-80MM",0.0,0.0
"SOFA LEG-SF103-3""",0.0,0.0
"SOFA LEG-SF103-4""",0.0,0.0
"6"" BRASS MATKA TOWER BOLT",2.0,1.0
DENIM S S MATKA TOWER BOLT 12'',0.0,0.0
"DENIM- TOWER BOLT- MATKA- 8""- BEASS",0.0,1.0
"ECO-TOWER BOLT-BRASS-8""X1/2",0.0,0.0
"ECO-TOWER BOLT-BRASS-NECK-8""X1/2",0.0,0.0
"ECO-TOWER BOLT-CP-6""",0.0,0.0
"ECO-TOWER BOLT-CP-8""",0.0,0.0
"ECO-TOWER BOLT-NECK-4""-BRASS",0.0,0.0
"ECO-TOWER BOLT-NECK-BRASS-6""",0.0,0.0
"FLORA-PUSH TOWER BOLT-10""-MATT",0.0,0.0
G STAR S.S  L TOWER BOLT 6'',8.0,0.0
G STAR S.S TOWER BOLT 4'',20.0,0.0
G STAR S.S TOWER BOLT 6'',3.0,0.0
G STAR S.S TOWER BOLT 8'',2.0,0.0
"HEERA-BABY LATCH-4""-MATT",0.0,0.0
"MILL.-BABY LATCH-ALUM.-SQ.-4""",0.0,0.0
"MILL.-T.BOLT-ALUM-MT-10""-12MM-SYLO",0.0,0.0
"MILL.-TOWER BOLT-ALUM.-12""-MATT-12MM",0.0,0.0
"MILL.-TOWER BOLT-ALUM.-6""x12-MATT",0.0,0.0
"MILL.-TOWER BOLT-ALUM.-8""-MATT",0.0,0.0
"MILL.-TOWER BOLT-ALUM.-ANT.-12""",1.0,0.0
"MILL.-TOWER BOLT-ALUM.-ANT.-6""-SQ.",0.0,0.0
"MILL.-TOWER BOLT-ALUM.-ANT.-8""-12MM",0.0,0.0
"MILL.-TOWER BOLT-ALUM.-MT.-10""-12MM",0.0,0.0
"MILL.-TOWER BOLT-ALUM.-MT.-4""-12MM",2.0,0.0
"MILL.-TOWER BOLT-STEEL-10""-SQ.-MATT",0.0,0.0
"MILL.-TOWER BOLT-STEEL-12""-SQ-STEEL",9.0,0.0
"MILL.-TOWER BOLT-STEEL--4""-SQ.-MATT",22.0,0.0
"MILL.-TOWER BOLT-STEEL-6""-MATT",0.0,0.0
"MILL.-TOWER BOLT-STEEL-8""-SQ.-MATT",0.0,0.0
"MILL.-TOWER BOLT-STEEL-MARBLE-4""-MATT",0.0,0.0
"MILL.-TOWER BOLT-STEEL-MARBLE-6""-MATT",0.0,0.0
"MILL.-TOWER BOLT-STEEL-MARBLE-8""-SQ.MATT",0.0,0.0
"Namya-Kent-Push Tower Bolt-2""-SS",0.0,15.0
"NAMYA-T.BOLT-MARBLE-BRASS-12""",1.0,0.0
"NAMYA-TOWER BOLT-8""-BRASS-SS",2.0,0.0
"NAMYA-TOWER BOLT-MARBLE-6""-BRASS",1.0,0.0
"NAMYA-TOWER BOLT-MATKA-12"" BRASS",0.0,0.0
"PRAJVAL-T.BOLT-MARBLE-BRASS-12""",0.0,0.0
"REENA-TOWER BOLT-3""-SS-7MM",0.0,0.0
"SHANTI-TOWER BOLT-MARBLE-4""",0.0,0.0
"SHANTI-TOWER BOLT-MARBLE-6""",0.0,0.0
"STAR-BABY LATCH-ZEN-3""",0.0,0.0
"STAR-BABY LATCH-ZEN-4""",0.0,0.0
"STAR-TOWER BOLT-CAPSUAL-3""-SS",2.0,0.0
"STAR-TOWER BOLT-CAPSULE-4""-SS",-2.0,0.0
"STAR-TOWER BOLT-CAPSULE.-6""SS",1.0,0.0
"STAR-TOWER BOLT-ROYAL-4""-SS",2.0,0.0
"STAR-TOWER BOLT-ROYAL.-6""-SS",1.0,0.0
"TOWER BOLT-CENTRE-3""",1.0,0.0
Black Bull Ply Commercial 1263,522.0,1440.0
Black Bull Ply Commercial 1264,528.0,1872.0
Black Bull Ply Commercial 1274,6132.0,9072.0
Black Bull Ply Commercial 1284,2908.0,5340.0
Black Bull Ply Commercial 1684,21600.0,33536.0
Black Bull Ply Commercial 1863,288.0,1368.0
Black Bull Ply Commercial 1864,864.0,3064.0
Black Bull Ply Commercial 1884,11296.0,16480.0
Black Bull Ply Commercial 664,24.0,24.0
Black Bull Ply Commercial 6 7x4,28.0,28.0
Black Bull Ply Commerecial 1874,1736.0,2492.0
Black Bull Ply New Commercial 1284,80.0,81.0
Black Bull Ply New Commercial 1684,33.0,400.0
Black Bull Ply New Commercial 1884,129.0,215.0
BWR ULTRA  B/B 19 - 7X4,112.0,140.0
BWR ULTRA POPULAR B/B 19 - 7X4,0.0,24.0
BWR ULTRA POPULAR B/B 19 - 8X4,0.0,192.0
COLORSPLY 710 BWP GOLD 12-7X4,0.0,0.0
COLORSPLY 710 BWP GOLD 12-8X4,149.0,201.0
COLORSPLY 710 BWP GOLD 19-7X4,0.0,3.0
COLORSPLY 710 BWP GOLD 19-8X4,370.0,581.0
COLORSPLY 710 BWP GOLD 6-7X4,2.0,2.0
COLORSPLY 710 BWP GOLD 6-8X4,9.0,9.0
COLORSPLY 710 BWP GOLD 9-7X4,20.0,20.0
COLORSPLY 710 BWP GOLD 9-8X4,2.0,8.0
COLORSPLY BWR BB 19-8X4,0.0,10.0
COLORSPLY BWR ECO 8 - 8X4,0.0,98.0
COLORSPLY BWR GOLD 12-7X4,341.0,804.0
COLORSPLY BWR GOLD 12-8X4,740.0,1925.0
COLORSPLY BWR GOLD 16-7X4,0.0,0.0
COLORSPLY BWR GOLD 16-8X4,0.0,4.0
COLORSPLY BWR GOLD 18-7X4,479.0,1120.0
COLORSPLY BWR GOLD 18-8X4,2626.0,6264.0
COLORSPLY BWR GOLD 6-7X4,13.0,37.0
COLORSPLY BWR GOLD 6-8X4,90.0,296.0
COLORSPLY BWR GOLD 8-7X4,17.0,45.0
COLORSPLY BWR GOLD 8-8X4,134.0,368.0
COLORSPLY BWR OLD ULTRA 1274,24.0,25.0
COLORSPLY BWR OLD ULTRA  12 MM 8X4,3.0,3.0
COLORSPLY BWR OLD ULTRA 684,10.0,10.0
COLORSPLY BWR OLD ULTRA 874,0.0,5.0
COLORSPLY BWR OLD ULTRA 884,0.0,5.0
COLORSPLY BWR ULTRA 12-7X4,95.0,215.0
COLORSPLY BWR ULTRA 12-8X4,174.0,486.0
COLORSPLY BWR ULTRA 18-7X4,165.0,301.0
COLORSPLY BWR  ULTRA  - 18 8X4,896.0,2038.0
COLORSPLY BWR ULTRA 6-7X4,9.0,14.0
COLORSPLY BWR ULTRA 6-8X4,46.0,103.0
COLORSPLY BWR ULTRA 8-7X4,16.0,72.0
COLORSPLY BWR ULTRA 8 -8X4,110.0,135.0
Colorsply Centring Ply 1284,0.0,32.0
COLORSPLY COLORS WOOD 1274,5.0,5.0
COLORSPLY COLORWOOD 12MM 7X4,34.0,34.0
COLORSPLY MR PINE BB 19-7X3,16.0,110.0
COLORSPLY MR PINE BB 19-7X4,51.0,152.0
COLORSPLY MR PINE BB 19-8X4,220.0,349.0
COLORSPLY MR PINE BB 25-7X3,17.0,107.0
COLORSPLY MR PINE BB 25-7X4,117.0,274.0
COLORSPLY MR PINE BB 25-8X4,168.0,471.0
COLORSPLY OLD DX DOLPHINE 8MM 7X4,2.0,2.0
COLORSPLY OLD DX DOLPHINE 8MM 8X4,5.0,5.0
COLORSPLY OLD SUPREEN GOLD 6MM 7X4,1.0,1.0
COLORSPLY OLD SUPREEN GOLD 8MM 7X4,4.0,4.0
COLORSPLY W BWR SILVER -  12MM 7X4,15.0,50.0
COLORSPLY W BWR SILVER -  12MM 8X4,150.0,236.0
COLORSPLY W BWR SILVER -  18MM 7X4,21.0,97.0
COLORSPLY W BWR SILVER -  18MM 8X4,65.0,390.0
COLORSPLY W BWR SILVER -  6MM 8X4,0.0,40.0
COLORSPLY W BWR SILVER - 8MM 8X4,14.0,40.0
COLORSPLY W NEW BWR ULTRA -  12MM 7X4,30.0,49.0
COLORSPLY W NEW BWR ULTRA -  12MM 8X4,47.0,47.0
COLORSPLY W NEW BWR ULTRA -  18MM 8X4,119.0,453.0
ACRYLIC ALBUSTOR SHEET-6X4-(8501 TO 8507),0.0,0.0
ACRYLIC SHEET 2MM-(8X4) WHITE 040,0.0,0.0
ACTION TESA WOODEN FLOORING AT-3-LF-8MM -3058 OC,0.0,0.0
ACTION TESA WOODEN FLOORING AT-3-LF-8MM-3068 HO,0.0,0.0
ALBUSTER - ACRYLIC RESIN PANEL,0.0,0.0
CEN-HDMR-MDF-BSL-8-8X4,0.0,0.0
CHARCOAL,0.0,0.0
CHARCOAL- INFINI- 4022- 8X2,0.0,0.0
CHARCOAL INTERIOR PATTI,0.0,0.0
CHARCOAL SHEETS,0.0,0.0
CORIAN SHEETS,1.0,0.0
CRYSTAL ACRYLIC CS 222 8X4,0.0,0.0
CRYSTAL ACRYLIC CS 227 8X4,0.0,0.0
DECORATIVE,0.0,0.0
DECORATIVE SHEET,0.0,0.0
GLO-906-12MM-MDF BOARD,0.0,0.0
GLO-DECO. MDF-WAVE BB-555-5-8X4,0.0,0.0
GLO-DECO. MDF-WAVE BB-MIX DES.-12-8X4,0.0,0.0
GLO-DECO. MDF-WAVE BB-MIX DES.-4-8X4,0.0,0.0
GLO-RED BRICK-3MM-8X4,0.0,0.0
MD-CHARCOAL-S-60-8X2,0.0,0.0
PLASTIC LED EILING TILE,0.0,0.0
PU COATED DECORATIVE PANEL,0.0,0.0
VENEER - COLORSLAM,0.0,0.0
WP FOLDER-BELLA,96.0,0.0
WP FOLDER-MARVELLOUS,0.0,0.0
WP FOLDER - METAL COLLECTION,0.0,0.0
WP FOLDER-STUPENDOUS,0.0,0.0
WP FOLDER-SUPERB,0.0,0.0
WP FOLDER-SUPREME,0.0,0.0
WP FOLDER-UNIQUE WALLS,0.0,0.0
